[mem_cap] cap 24.00 GB (swap 0) · unit gen3ai-capped-python3-87970.scope · slice gen3ai-heavy.slice (aggregate cap 64.00 GB) · oom_score_adj +500
[botrr] regime c93b27af04745db9; 36 edges x 36 batches of 100 pairs; 72 units on disk, 1224 to play (244800 games)
[botrr] 1/1224 botrr:random:aggressive b2: W/L/D 2/195/3 to 0 in 5.7s; elapsed 0.3 min, eta 359.0 min
[botrr] 2/1224 botrr:random:heuristic b2: W/L/D 3/197/0 to 0 in 6.3s; elapsed 0.3 min, eta 180.4 min
[botrr] 3/1224 botrr:random:heuristic2 b2: W/L/D 5/194/1 to 1 in 6.3s; elapsed 0.3 min, eta 122.0 min
[botrr] 4/1224 botrr:heuristic:aggressive b2: W/L/D 116/72/12 to 0 in 5.8s; elapsed 0.3 min, eta 91.9 min
[botrr] 5/1224 botrr:heuristic:heuristic2 b2: W/L/D 83/110/7 to 0 in 6.2s; elapsed 0.3 min, eta 73.8 min
[botrr] 6/1224 botrr:random:aggressive_v2 b2: W/L/D 5/195/0 to 0 in 6.2s; elapsed 0.3 min, eta 61.5 min
[botrr] 7/1224 botrr:random:setup_sweep b2: W/L/D 7/193/0 to 0 in 6.2s; elapsed 0.3 min, eta 52.7 min
[botrr] 8/1224 botrr:random:setup_sweep_v2 b2: W/L/D 4/196/0 to 0 in 6.3s; elapsed 0.3 min, eta 46.1 min
[botrr] 9/1224 botrr:random:staller_v2 b2: W/L/D 15/185/0 to 0 in 6.3s; elapsed 0.3 min, eta 41.0 min
[botrr] 10/1224 botrr:heuristic:staller b2: W/L/D 107/83/10 to 0 in 6.3s; elapsed 0.3 min, eta 37.3 min
[botrr] 11/1224 botrr:heuristic:staller_v2 b2: W/L/D 122/74/4 to 0 in 6.3s; elapsed 0.3 min, eta 33.9 min
[botrr] 12/1224 botrr:random:staller b2: W/L/D 8/189/3 to 0 in 7.1s; elapsed 0.3 min, eta 31.9 min
[botrr] 13/1224 botrr:heuristic:setup_sweep b2: W/L/D 83/104/13 to 0 in 5.9s; elapsed 0.4 min, eta 36.6 min
[botrr] 14/1224 botrr:heuristic:aggressive_v2 b2: W/L/D 88/105/7 to 0 in 6.0s; elapsed 0.4 min, eta 34.0 min
[botrr] 15/1224 botrr:heuristic:setup_sweep_v2 b2: W/L/D 90/104/6 to 0 in 6.0s; elapsed 0.4 min, eta 32.2 min
[botrr] 16/1224 botrr:heuristic2:aggressive b2: W/L/D 129/64/7 to 0 in 6.0s; elapsed 0.4 min, eta 30.4 min
[botrr] 17/1224 botrr:staller:aggressive b2: W/L/D 106/76/18 to 1 in 6.0s; elapsed 0.4 min, eta 28.9 min
[botrr] 18/1224 botrr:heuristic2:setup_sweep b2: W/L/D 111/84/5 to 0 in 6.5s; elapsed 0.4 min, eta 27.5 min
[botrr] 19/1224 botrr:heuristic2:setup_sweep_v2 b2: W/L/D 104/92/4 to 0 in 6.5s; elapsed 0.4 min, eta 26.1 min
[botrr] 20/1224 botrr:heuristic2:staller b2: W/L/D 124/72/4 to 1 in 6.6s; elapsed 0.4 min, eta 24.8 min
[botrr] 21/1224 botrr:heuristic2:aggressive_v2 b2: W/L/D 97/101/2 to 1 in 6.6s; elapsed 0.4 min, eta 23.6 min
[botrr] 22/1224 botrr:staller:aggressive_v2 b2: W/L/D 78/115/7 to 0 in 5.9s; elapsed 0.4 min, eta 22.6 min
[botrr] 23/1224 botrr:heuristic2:staller_v2 b2: W/L/D 129/68/3 to 1 in 7.3s; elapsed 0.4 min, eta 22.1 min
[botrr] 24/1224 botrr:staller:staller_v2 b2: W/L/D 99/92/9 to 2 in 7.4s; elapsed 0.4 min, eta 21.5 min
[botrr] 25/1224 botrr:staller:setup_sweep_v2 b2: W/L/D 68/123/9 to 1 in 5.8s; elapsed 0.5 min, eta 23.6 min
[botrr] 26/1224 botrr:staller:setup_sweep b2: W/L/D 80/110/10 to 0 in 6.0s; elapsed 0.5 min, eta 22.7 min
[botrr] 27/1224 botrr:staller_v2:aggressive b2: W/L/D 106/90/4 to 0 in 5.9s; elapsed 0.5 min, eta 22.1 min
[botrr] 28/1224 botrr:aggressive:aggressive_v2 b2: W/L/D 61/134/5 to 0 in 5.4s; elapsed 0.5 min, eta 21.5 min
[botrr] 29/1224 botrr:aggressive:setup_sweep_v2 b2: W/L/D 68/129/3 to 0 in 5.4s; elapsed 0.5 min, eta 20.7 min
[botrr] 30/1224 botrr:aggressive:setup_sweep b2: W/L/D 73/114/13 to 0 in 5.5s; elapsed 0.5 min, eta 20.1 min
[botrr] 31/1224 botrr:staller_v2:aggressive_v2 b2: W/L/D 82/118/0 to 0 in 6.3s; elapsed 0.5 min, eta 19.5 min
[botrr] 32/1224 botrr:aggressive_v2:setup_sweep b2: W/L/D 78/120/2 to 0 in 5.6s; elapsed 0.5 min, eta 18.9 min
[botrr] 33/1224 botrr:staller_v2:setup_sweep b2: W/L/D 88/111/1 to 0 in 6.1s; elapsed 0.5 min, eta 18.4 min
[botrr] 34/1224 botrr:staller_v2:setup_sweep_v2 b2: W/L/D 66/131/3 to 0 in 6.4s; elapsed 0.5 min, eta 18.2 min
[botrr] 35/1224 botrr:aggressive_v2:setup_sweep_v2 b2: W/L/D 97/98/5 to 0 in 5.7s; elapsed 0.5 min, eta 17.6 min
[botrr] 36/1224 botrr:setup_sweep:setup_sweep_v2 b2: W/L/D 97/97/6 to 0 in 5.8s; elapsed 0.5 min, eta 17.4 min
[botrr] 37/1224 botrr:random:heuristic2 b3: W/L/D 8/192/0 to 0 in 6.3s; elapsed 0.6 min, eta 19.2 min
[botrr] 38/1224 botrr:random:heuristic b3: W/L/D 5/194/1 to 1 in 6.7s; elapsed 0.6 min, eta 18.8 min
[botrr] 39/1224 botrr:random:aggressive_v2 b3: W/L/D 5/195/0 to 0 in 6.0s; elapsed 0.6 min, eta 18.4 min
[botrr] 40/1224 botrr:random:setup_sweep b3: W/L/D 3/197/0 to 0 in 6.0s; elapsed 0.6 min, eta 18.0 min
[botrr] 41/1224 botrr:random:setup_sweep_v2 b3: W/L/D 2/198/0 to 0 in 6.1s; elapsed 0.6 min, eta 17.6 min
[botrr] 42/1224 botrr:random:staller b3: W/L/D 6/192/2 to 0 in 6.8s; elapsed 0.6 min, eta 17.2 min
[botrr] 43/1224 botrr:random:aggressive b3: W/L/D 3/193/4 to 3 in 6.5s; elapsed 0.6 min, eta 16.8 min
[botrr] 44/1224 botrr:random:staller_v2 b3: W/L/D 13/186/1 to 1 in 6.7s; elapsed 0.6 min, eta 16.5 min
[botrr] 45/1224 botrr:heuristic:heuristic2 b3: W/L/D 93/102/5 to 0 in 6.6s; elapsed 0.6 min, eta 16.2 min
[botrr] 46/1224 botrr:heuristic:staller b3: W/L/D 119/77/4 to 0 in 6.2s; elapsed 0.6 min, eta 15.9 min
[botrr] 47/1224 botrr:heuristic:aggressive b3: W/L/D 110/74/16 to 0 in 5.8s; elapsed 0.6 min, eta 15.6 min
[botrr] 48/1224 botrr:heuristic:staller_v2 b3: W/L/D 105/91/4 to 1 in 6.8s; elapsed 0.6 min, eta 15.5 min
[botrr] 49/1224 botrr:heuristic:setup_sweep b3: W/L/D 88/99/13 to 0 in 5.5s; elapsed 0.7 min, eta 16.7 min
[botrr] 50/1224 botrr:heuristic:setup_sweep_v2 b3: W/L/D 84/108/8 to 0 in 5.5s; elapsed 0.7 min, eta 16.4 min
[botrr] 51/1224 botrr:heuristic:aggressive_v2 b3: W/L/D 78/114/8 to 2 in 6.3s; elapsed 0.7 min, eta 16.2 min
[botrr] 52/1224 botrr:heuristic2:aggressive_v2 b3: W/L/D 102/94/4 to 0 in 5.6s; elapsed 0.7 min, eta 15.9 min
[botrr] 53/1224 botrr:heuristic2:staller b3: W/L/D 123/65/12 to 0 in 6.2s; elapsed 0.7 min, eta 15.7 min
[botrr] 54/1224 botrr:heuristic2:aggressive b3: W/L/D 124/69/7 to 0 in 6.1s; elapsed 0.7 min, eta 15.4 min
[botrr] 55/1224 botrr:heuristic2:setup_sweep_v2 b3: W/L/D 110/85/5 to 0 in 5.7s; elapsed 0.7 min, eta 15.2 min
[botrr] 56/1224 botrr:heuristic2:setup_sweep b3: W/L/D 109/81/10 to 1 in 6.2s; elapsed 0.7 min, eta 15.0 min
[botrr] 57/1224 botrr:staller:aggressive b3: W/L/D 100/84/16 to 0 in 5.9s; elapsed 0.7 min, eta 14.8 min
[botrr] 58/1224 botrr:heuristic2:staller_v2 b3: W/L/D 135/63/2 to 1 in 6.9s; elapsed 0.7 min, eta 14.6 min
[botrr] 59/1224 botrr:staller:aggressive_v2 b3: W/L/D 77/115/8 to 1 in 6.4s; elapsed 0.7 min, eta 14.6 min
[botrr] 60/1224 botrr:staller:staller_v2 b3: W/L/D 87/104/9 to 1 in 7.3s; elapsed 0.7 min, eta 14.4 min
[botrr] 61/1224 botrr:staller_v2:aggressive b3: W/L/D 104/89/7 to 2 in 5.6s; elapsed 0.8 min, eta 15.2 min
[botrr] 62/1224 botrr:staller:setup_sweep b3: W/L/D 70/119/11 to 0 in 6.2s; elapsed 0.8 min, eta 15.0 min
[botrr] 63/1224 botrr:staller:setup_sweep_v2 b3: W/L/D 77/116/7 to 0 in 6.3s; elapsed 0.8 min, eta 14.8 min
[botrr] 64/1224 botrr:aggressive:setup_sweep b3: W/L/D 81/112/7 to 0 in 5.1s; elapsed 0.8 min, eta 14.6 min
[botrr] 65/1224 botrr:aggressive:setup_sweep_v2 b3: W/L/D 71/119/10 to 0 in 5.0s; elapsed 0.8 min, eta 14.4 min
[botrr] 66/1224 botrr:aggressive:aggressive_v2 b3: W/L/D 78/116/6 to 0 in 5.7s; elapsed 0.8 min, eta 14.2 min
[botrr] 67/1224 botrr:staller_v2:aggressive_v2 b3: W/L/D 62/135/3 to 0 in 6.4s; elapsed 0.8 min, eta 14.0 min
[botrr] 68/1224 botrr:aggressive_v2:setup_sweep b3: W/L/D 100/97/3 to 0 in 5.2s; elapsed 0.8 min, eta 13.8 min
[botrr] 69/1224 botrr:staller_v2:setup_sweep_v2 b3: W/L/D 72/125/3 to 0 in 6.4s; elapsed 0.8 min, eta 13.7 min
[botrr] 70/1224 botrr:staller_v2:setup_sweep b3: W/L/D 72/125/3 to 1 in 6.9s; elapsed 0.8 min, eta 13.7 min
[botrr] 71/1224 botrr:aggressive_v2:setup_sweep_v2 b3: W/L/D 95/100/5 to 0 in 5.5s; elapsed 0.8 min, eta 13.5 min
[botrr] 72/1224 botrr:setup_sweep:setup_sweep_v2 b3: W/L/D 97/98/5 to 0 in 5.4s; elapsed 0.8 min, eta 13.3 min
[botrr] 73/1224 botrr:random:aggressive b4: W/L/D 2/194/4 to 1 in 6.0s; elapsed 0.9 min, eta 14.3 min
[botrr] 74/1224 botrr:random:heuristic b4: W/L/D 5/195/0 to 0 in 6.5s; elapsed 0.9 min, eta 14.1 min
[botrr] 75/1224 botrr:random:staller_v2 b4: W/L/D 14/186/0 to 0 in 6.6s; elapsed 0.9 min, eta 14.0 min
[botrr] 76/1224 botrr:random:setup_sweep b4: W/L/D 9/191/0 to 0 in 6.0s; elapsed 0.9 min, eta 13.8 min
[botrr] 77/1224 botrr:random:aggressive_v2 b4: W/L/D 10/190/0 to 0 in 6.4s; elapsed 0.9 min, eta 13.6 min
[botrr] 78/1224 botrr:random:heuristic2 b4: W/L/D 3/196/1 to 1 in 6.9s; elapsed 0.9 min, eta 13.5 min
[botrr] 79/1224 botrr:random:setup_sweep_v2 b4: W/L/D 3/197/0 to 0 in 6.1s; elapsed 0.9 min, eta 13.3 min
[botrr] 80/1224 botrr:random:staller b4: W/L/D 5/195/0 to 0 in 6.9s; elapsed 0.9 min, eta 13.1 min
[botrr] 81/1224 botrr:heuristic:staller b4: W/L/D 110/80/10 to 0 in 5.5s; elapsed 0.9 min, eta 13.0 min
[botrr] 82/1224 botrr:heuristic:heuristic2 b4: W/L/D 79/116/5 to 1 in 6.5s; elapsed 0.9 min, eta 12.9 min
[botrr] 83/1224 botrr:heuristic:aggressive b4: W/L/D 114/74/12 to 0 in 6.3s; elapsed 0.9 min, eta 12.9 min
[botrr] 84/1224 botrr:heuristic:staller_v2 b4: W/L/D 114/83/3 to 0 in 6.7s; elapsed 0.9 min, eta 12.8 min
[botrr] 85/1224 botrr:heuristic2:setup_sweep b4: W/L/D 104/90/6 to 0 in 5.4s; elapsed 1.0 min, eta 13.5 min
[botrr] 86/1224 botrr:heuristic:aggressive_v2 b4: W/L/D 77/117/6 to 0 in 6.1s; elapsed 1.0 min, eta 13.4 min
[botrr] 87/1224 botrr:heuristic:setup_sweep b4: W/L/D 90/96/14 to 0 in 6.1s; elapsed 1.0 min, eta 13.2 min
[botrr] 88/1224 botrr:heuristic:setup_sweep_v2 b4: W/L/D 76/116/8 to 0 in 6.0s; elapsed 1.0 min, eta 13.1 min
[botrr] 89/1224 botrr:heuristic2:aggressive b4: W/L/D 131/63/6 to 0 in 6.2s; elapsed 1.0 min, eta 13.0 min
[botrr] 90/1224 botrr:heuristic2:aggressive_v2 b4: W/L/D 107/91/2 to 0 in 6.3s; elapsed 1.0 min, eta 12.9 min
[botrr] 91/1224 botrr:heuristic2:staller b4: W/L/D 125/66/9 to 0 in 6.5s; elapsed 1.0 min, eta 12.7 min
[botrr] 92/1224 botrr:heuristic2:setup_sweep_v2 b4: W/L/D 102/97/1 to 0 in 6.4s; elapsed 1.0 min, eta 12.6 min
[botrr] 93/1224 botrr:heuristic2:staller_v2 b4: W/L/D 128/71/1 to 1 in 6.8s; elapsed 1.0 min, eta 12.5 min
[botrr] 94/1224 botrr:staller:aggressive_v2 b4: W/L/D 89/104/7 to 0 in 6.1s; elapsed 1.0 min, eta 12.6 min
[botrr] 95/1224 botrr:staller:staller_v2 b4: W/L/D 99/95/6 to 3 in 7.3s; elapsed 1.1 min, eta 12.5 min
[botrr] 96/1224 botrr:staller:aggressive b4: W/L/D 110/77/13 to 2 in 6.9s; elapsed 1.1 min, eta 12.4 min
[botrr] 97/1224 botrr:staller:setup_sweep_v2 b4: W/L/D 68/126/6 to 0 in 6.0s; elapsed 1.1 min, eta 12.9 min
[botrr] 98/1224 botrr:staller:setup_sweep b4: W/L/D 71/109/20 to 0 in 6.1s; elapsed 1.1 min, eta 12.8 min
[botrr] 99/1224 botrr:staller_v2:setup_sweep b4: W/L/D 76/123/1 to 0 in 5.8s; elapsed 1.1 min, eta 12.7 min
[botrr] 100/1224 botrr:staller_v2:setup_sweep_v2 b4: W/L/D 69/127/4 to 0 in 5.6s; elapsed 1.1 min, eta 12.5 min
[botrr] 101/1224 botrr:aggressive:aggressive_v2 b4: W/L/D 66/126/8 to 0 in 6.1s; elapsed 1.1 min, eta 12.5 min
[botrr] 102/1224 botrr:aggressive:setup_sweep b4: W/L/D 68/122/10 to 0 in 5.8s; elapsed 1.1 min, eta 12.4 min
[botrr] 103/1224 botrr:staller_v2:aggressive b4: W/L/D 109/87/4 to 1 in 6.8s; elapsed 1.1 min, eta 12.2 min
[botrr] 104/1224 botrr:staller_v2:aggressive_v2 b4: W/L/D 70/128/2 to 0 in 6.6s; elapsed 1.1 min, eta 12.1 min
[botrr] 105/1224 botrr:aggressive:setup_sweep_v2 b4: W/L/D 75/120/5 to 0 in 6.1s; elapsed 1.1 min, eta 12.1 min
[botrr] 106/1224 botrr:aggressive_v2:setup_sweep_v2 b4: W/L/D 109/84/7 to 0 in 5.3s; elapsed 1.1 min, eta 12.0 min
[botrr] 107/1224 botrr:setup_sweep:setup_sweep_v2 b4: W/L/D 89/109/2 to 0 in 5.3s; elapsed 1.1 min, eta 11.9 min
[botrr] 108/1224 botrr:aggressive_v2:setup_sweep b4: W/L/D 102/97/1 to 0 in 5.9s; elapsed 1.1 min, eta 11.9 min
[botrr] 109/1224 botrr:random:aggressive b5: W/L/D 5/195/0 to 0 in 5.6s; elapsed 1.2 min, eta 12.5 min
[botrr] 110/1224 botrr:random:heuristic2 b5: W/L/D 6/194/0 to 0 in 6.5s; elapsed 1.2 min, eta 12.4 min
[botrr] 111/1224 botrr:random:aggressive_v2 b5: W/L/D 4/196/0 to 0 in 5.8s; elapsed 1.2 min, eta 12.2 min
[botrr] 112/1224 botrr:random:heuristic b5: W/L/D 5/194/1 to 0 in 6.9s; elapsed 1.2 min, eta 12.2 min
[botrr] 113/1224 botrr:random:staller_v2 b5: W/L/D 16/183/1 to 0 in 6.8s; elapsed 1.2 min, eta 12.1 min
[botrr] 114/1224 botrr:random:setup_sweep_v2 b5: W/L/D 3/197/0 to 0 in 6.4s; elapsed 1.2 min, eta 12.0 min
[botrr] 115/1224 botrr:heuristic:heuristic2 b5: W/L/D 87/109/4 to 0 in 6.0s; elapsed 1.2 min, eta 11.9 min
[botrr] 116/1224 botrr:random:setup_sweep b5: W/L/D 4/196/0 to 0 in 6.5s; elapsed 1.2 min, eta 11.8 min
[botrr] 117/1224 botrr:heuristic:aggressive b5: W/L/D 100/94/6 to 0 in 5.2s; elapsed 1.2 min, eta 11.7 min
[botrr] 118/1224 botrr:random:staller b5: W/L/D 5/194/1 to 0 in 7.1s; elapsed 1.2 min, eta 11.6 min
[botrr] 119/1224 botrr:heuristic:staller b5: W/L/D 109/79/12 to 0 in 6.7s; elapsed 1.3 min, eta 11.6 min
[botrr] 120/1224 botrr:heuristic:staller_v2 b5: W/L/D 123/77/0 to 0 in 6.7s; elapsed 1.3 min, eta 11.6 min
[botrr] 121/1224 botrr:heuristic:setup_sweep b5: W/L/D 91/105/4 to 0 in 5.4s; elapsed 1.3 min, eta 12.0 min
[botrr] 122/1224 botrr:heuristic2:aggressive b5: W/L/D 126/69/5 to 0 in 5.3s; elapsed 1.3 min, eta 11.9 min
[botrr] 123/1224 botrr:heuristic:aggressive_v2 b5: W/L/D 85/110/5 to 0 in 6.3s; elapsed 1.3 min, eta 11.8 min
[botrr] 124/1224 botrr:heuristic:setup_sweep_v2 b5: W/L/D 91/104/5 to 0 in 6.1s; elapsed 1.3 min, eta 11.8 min
[botrr] 125/1224 botrr:heuristic2:setup_sweep b5: W/L/D 115/81/4 to 0 in 5.7s; elapsed 1.3 min, eta 11.7 min
[botrr] 126/1224 botrr:heuristic2:aggressive_v2 b5: W/L/D 106/92/2 to 0 in 6.4s; elapsed 1.3 min, eta 11.7 min
[botrr] 127/1224 botrr:heuristic2:setup_sweep_v2 b5: W/L/D 101/97/2 to 0 in 6.5s; elapsed 1.3 min, eta 11.6 min
[botrr] 128/1224 botrr:heuristic2:staller b5: W/L/D 118/74/8 to 1 in 7.0s; elapsed 1.3 min, eta 11.5 min
[botrr] 129/1224 botrr:heuristic2:staller_v2 b5: W/L/D 133/66/1 to 0 in 7.4s; elapsed 1.4 min, eta 11.5 min
[botrr] 130/1224 botrr:staller:aggressive b5: W/L/D 94/91/15 to 0 in 6.0s; elapsed 1.4 min, eta 11.4 min
[botrr] 131/1224 botrr:staller:aggressive_v2 b5: W/L/D 81/112/7 to 0 in 6.7s; elapsed 1.4 min, eta 11.4 min
[botrr] 132/1224 botrr:staller:staller_v2 b5: W/L/D 88/104/8 to 3 in 8.2s; elapsed 1.4 min, eta 11.3 min
[botrr] 133/1224 botrr:staller:setup_sweep b5: W/L/D 79/113/8 to 0 in 6.6s; elapsed 1.4 min, eta 11.7 min
[botrr] 134/1224 botrr:staller:setup_sweep_v2 b5: W/L/D 78/114/8 to 0 in 6.3s; elapsed 1.4 min, eta 11.6 min
[botrr] 135/1224 botrr:aggressive:setup_sweep b5: W/L/D 76/115/9 to 0 in 5.3s; elapsed 1.4 min, eta 11.6 min
[botrr] 136/1224 botrr:staller_v2:aggressive b5: W/L/D 109/84/7 to 0 in 6.6s; elapsed 1.4 min, eta 11.5 min
[botrr] 137/1224 botrr:staller_v2:aggressive_v2 b5: W/L/D 73/123/4 to 0 in 6.8s; elapsed 1.4 min, eta 11.4 min
[botrr] 138/1224 botrr:aggressive:setup_sweep_v2 b5: W/L/D 79/119/2 to 0 in 5.1s; elapsed 1.4 min, eta 11.3 min
[botrr] 139/1224 botrr:staller_v2:setup_sweep b5: W/L/D 90/106/4 to 1 in 6.8s; elapsed 1.4 min, eta 11.3 min
[botrr] 140/1224 botrr:aggressive_v2:setup_sweep b5: W/L/D 98/99/3 to 0 in 5.3s; elapsed 1.4 min, eta 11.2 min
[botrr] 141/1224 botrr:aggressive:aggressive_v2 b5: W/L/D 65/127/8 to 0 in 6.1s; elapsed 1.4 min, eta 11.1 min
[botrr] 142/1224 botrr:setup_sweep:setup_sweep_v2 b5: W/L/D 81/111/8 to 1 in 5.3s; elapsed 1.5 min, eta 11.1 min
[botrr] 143/1224 botrr:staller_v2:setup_sweep_v2 b5: W/L/D 78/118/4 to 0 in 7.2s; elapsed 1.5 min, eta 11.0 min
[botrr] 144/1224 botrr:aggressive_v2:setup_sweep_v2 b5: W/L/D 87/103/10 to 0 in 5.7s; elapsed 1.5 min, eta 11.0 min
[botrr] 145/1224 botrr:random:heuristic b6: W/L/D 3/197/0 to 0 in 7.0s; elapsed 1.5 min, eta 11.5 min
[botrr] 146/1224 botrr:random:heuristic2 b6: W/L/D 2/198/0 to 0 in 7.0s; elapsed 1.5 min, eta 11.4 min
[botrr] 147/1224 botrr:random:aggressive b6: W/L/D 3/195/2 to 1 in 6.4s; elapsed 1.5 min, eta 11.3 min
[botrr] 148/1224 botrr:heuristic:heuristic2 b6: W/L/D 84/112/4 to 0 in 6.1s; elapsed 1.5 min, eta 11.3 min
[botrr] 149/1224 botrr:random:staller b6: W/L/D 5/193/2 to 0 in 7.2s; elapsed 1.6 min, eta 11.2 min
[botrr] 150/1224 botrr:random:setup_sweep_v2 b6: W/L/D 4/195/1 to 0 in 6.6s; elapsed 1.6 min, eta 11.1 min
[botrr] 151/1224 botrr:random:setup_sweep b6: W/L/D 3/193/4 to 0 in 6.7s; elapsed 1.6 min, eta 11.1 min
[botrr] 152/1224 botrr:random:staller_v2 b6: W/L/D 20/178/2 to 2 in 7.4s; elapsed 1.6 min, eta 11.0 min
[botrr] 153/1224 botrr:random:aggressive_v2 b6: W/L/D 5/192/3 to 2 in 7.2s; elapsed 1.6 min, eta 10.9 min
[botrr] 154/1224 botrr:heuristic:staller_v2 b6: W/L/D 114/84/2 to 1 in 6.5s; elapsed 1.6 min, eta 10.9 min
[botrr] 155/1224 botrr:heuristic:aggressive b6: W/L/D 114/78/8 to 0 in 6.3s; elapsed 1.6 min, eta 10.8 min
[botrr] 156/1224 botrr:heuristic:staller b6: W/L/D 96/92/12 to 2 in 7.3s; elapsed 1.6 min, eta 10.8 min
[botrr] 157/1224 botrr:heuristic:aggressive_v2 b6: W/L/D 85/111/4 to 0 in 6.1s; elapsed 1.6 min, eta 11.2 min
[botrr] 158/1224 botrr:heuristic:setup_sweep b6: W/L/D 85/105/10 to 0 in 6.0s; elapsed 1.6 min, eta 11.1 min
[botrr] 159/1224 botrr:heuristic:setup_sweep_v2 b6: W/L/D 80/107/13 to 0 in 6.1s; elapsed 1.6 min, eta 11.1 min
[botrr] 160/1224 botrr:heuristic2:setup_sweep b6: W/L/D 102/94/4 to 0 in 6.5s; elapsed 1.7 min, eta 11.1 min
[botrr] 161/1224 botrr:heuristic2:aggressive_v2 b6: W/L/D 94/105/1 to 0 in 7.0s; elapsed 1.7 min, eta 11.0 min
[botrr] 162/1224 botrr:heuristic2:aggressive b6: W/L/D 132/65/3 to 0 in 7.1s; elapsed 1.7 min, eta 11.0 min
[botrr] 163/1224 botrr:staller:aggressive b6: W/L/D 105/86/9 to 0 in 6.7s; elapsed 1.7 min, eta 11.0 min
[botrr] 164/1224 botrr:heuristic2:staller b6: W/L/D 133/59/8 to 0 in 8.2s; elapsed 1.7 min, eta 10.9 min
[botrr] 165/1224 botrr:heuristic2:setup_sweep_v2 b6: W/L/D 83/116/1 to 0 in 7.8s; elapsed 1.7 min, eta 10.9 min
[botrr] 166/1224 botrr:heuristic2:staller_v2 b6: W/L/D 133/66/1 to 0 in 8.7s; elapsed 1.7 min, eta 10.8 min
[botrr] 167/1224 botrr:staller:aggressive_v2 b6: W/L/D 71/121/8 to 0 in 7.5s; elapsed 1.7 min, eta 10.8 min
[botrr] 168/1224 botrr:staller:staller_v2 b6: W/L/D 99/95/6 to 1 in 9.5s; elapsed 1.7 min, eta 10.9 min
[botrr] 169/1224 botrr:staller:setup_sweep_v2 b6: W/L/D 74/118/8 to 0 in 7.1s; elapsed 1.8 min, eta 11.0 min
[botrr] 170/1224 botrr:staller:setup_sweep b6: W/L/D 93/93/14 to 1 in 7.6s; elapsed 1.8 min, eta 11.0 min
[botrr] 171/1224 botrr:staller_v2:aggressive b6: W/L/D 100/96/4 to 0 in 7.3s; elapsed 1.8 min, eta 10.9 min
[botrr] 172/1224 botrr:staller_v2:setup_sweep_v2 b6: W/L/D 71/127/2 to 0 in 6.3s; elapsed 1.8 min, eta 10.9 min
[botrr] 173/1224 botrr:aggressive:setup_sweep_v2 b6: W/L/D 70/126/4 to 0 in 5.5s; elapsed 1.8 min, eta 10.8 min
[botrr] 174/1224 botrr:staller_v2:aggressive_v2 b6: W/L/D 69/130/1 to 0 in 7.2s; elapsed 1.8 min, eta 10.8 min
[botrr] 175/1224 botrr:aggressive_v2:setup_sweep b6: W/L/D 111/87/2 to 0 in 5.6s; elapsed 1.8 min, eta 10.7 min
[botrr] 176/1224 botrr:aggressive:aggressive_v2 b6: W/L/D 70/123/7 to 0 in 6.6s; elapsed 1.8 min, eta 10.7 min
[botrr] 177/1224 botrr:aggressive:setup_sweep b6: W/L/D 73/112/15 to 0 in 6.5s; elapsed 1.8 min, eta 10.6 min
[botrr] 178/1224 botrr:staller_v2:setup_sweep b6: W/L/D 72/126/2 to 0 in 7.6s; elapsed 1.8 min, eta 10.6 min
[botrr] 179/1224 botrr:aggressive_v2:setup_sweep_v2 b6: W/L/D 90/107/3 to 0 in 5.7s; elapsed 1.8 min, eta 10.5 min
[botrr] 180/1224 botrr:setup_sweep:setup_sweep_v2 b6: W/L/D 81/112/7 to 0 in 6.6s; elapsed 1.8 min, eta 10.7 min
[botrr] 181/1224 botrr:random:heuristic2 b7: W/L/D 3/196/1 to 0 in 6.5s; elapsed 1.9 min, eta 10.8 min
[botrr] 182/1224 botrr:random:heuristic b7: W/L/D 4/195/1 to 0 in 7.3s; elapsed 1.9 min, eta 10.8 min
[botrr] 183/1224 botrr:random:aggressive_v2 b7: W/L/D 3/196/1 to 1 in 6.2s; elapsed 1.9 min, eta 10.8 min
[botrr] 184/1224 botrr:random:aggressive b7: W/L/D 5/194/1 to 0 in 6.8s; elapsed 1.9 min, eta 10.7 min
[botrr] 185/1224 botrr:random:setup_sweep_v2 b7: W/L/D 1/198/1 to 0 in 6.3s; elapsed 1.9 min, eta 10.7 min
[botrr] 186/1224 botrr:heuristic:heuristic2 b7: W/L/D 80/116/4 to 0 in 6.3s; elapsed 1.9 min, eta 10.6 min
[botrr] 187/1224 botrr:random:staller b7: W/L/D 1/197/2 to 0 in 7.8s; elapsed 1.9 min, eta 10.6 min
[botrr] 188/1224 botrr:heuristic:staller_v2 b7: W/L/D 109/84/7 to 1 in 6.2s; elapsed 1.9 min, eta 10.5 min
[botrr] 189/1224 botrr:random:staller_v2 b7: W/L/D 8/189/3 to 2 in 7.7s; elapsed 1.9 min, eta 10.5 min
[botrr] 190/1224 botrr:random:setup_sweep b7: W/L/D 5/194/1 to 0 in 7.4s; elapsed 1.9 min, eta 10.4 min
[botrr] 191/1224 botrr:heuristic:staller b7: W/L/D 110/80/10 to 0 in 7.0s; elapsed 1.9 min, eta 10.4 min
[botrr] 192/1224 botrr:heuristic:aggressive b7: W/L/D 120/73/7 to 0 in 5.7s; elapsed 1.9 min, eta 10.4 min
[botrr] 193/1224 botrr:heuristic:setup_sweep b7: W/L/D 94/98/8 to 0 in 6.1s; elapsed 2.0 min, eta 10.6 min
[botrr] 194/1224 botrr:heuristic:aggressive_v2 b7: W/L/D 86/107/7 to 0 in 6.8s; elapsed 2.0 min, eta 10.6 min
[botrr] 195/1224 botrr:heuristic2:aggressive_v2 b7: W/L/D 109/90/1 to 0 in 6.1s; elapsed 2.0 min, eta 10.6 min
[botrr] 196/1224 botrr:heuristic2:staller b7: W/L/D 135/57/8 to 0 in 6.5s; elapsed 2.0 min, eta 10.5 min
[botrr] 197/1224 botrr:heuristic:setup_sweep_v2 b7: W/L/D 87/106/7 to 0 in 6.9s; elapsed 2.0 min, eta 10.5 min
[botrr] 198/1224 botrr:heuristic2:setup_sweep_v2 b7: W/L/D 99/99/2 to 0 in 6.0s; elapsed 2.0 min, eta 10.4 min
[botrr] 199/1224 botrr:heuristic2:aggressive b7: W/L/D 134/59/7 to 0 in 6.7s; elapsed 2.0 min, eta 10.4 min
[botrr] 200/1224 botrr:staller:aggressive b7: W/L/D 112/73/15 to 1 in 6.1s; elapsed 2.0 min, eta 10.4 min
[botrr] 201/1224 botrr:heuristic2:setup_sweep b7: W/L/D 101/94/5 to 0 in 7.3s; elapsed 2.0 min, eta 10.3 min
[botrr] 202/1224 botrr:staller:staller_v2 b7: W/L/D 93/102/5 to 0 in 7.0s; elapsed 2.0 min, eta 10.3 min
[botrr] 203/1224 botrr:heuristic2:staller_v2 b7: W/L/D 131/62/7 to 2 in 8.6s; elapsed 2.0 min, eta 10.3 min
[botrr] 204/1224 botrr:staller:aggressive_v2 b7: W/L/D 79/115/6 to 0 in 7.1s; elapsed 2.1 min, eta 10.3 min
[botrr] 205/1224 botrr:aggressive:aggressive_v2 b7: W/L/D 56/136/8 to 1 in 5.5s; elapsed 2.1 min, eta 10.5 min
[botrr] 206/1224 botrr:staller:setup_sweep b7: W/L/D 72/117/11 to 0 in 7.0s; elapsed 2.1 min, eta 10.4 min
[botrr] 207/1224 botrr:staller:setup_sweep_v2 b7: W/L/D 68/125/7 to 0 in 7.1s; elapsed 2.1 min, eta 10.4 min
[botrr] 208/1224 botrr:aggressive:setup_sweep_v2 b7: W/L/D 75/118/7 to 0 in 5.3s; elapsed 2.1 min, eta 10.4 min
[botrr] 209/1224 botrr:staller_v2:aggressive b7: W/L/D 96/98/6 to 0 in 6.9s; elapsed 2.1 min, eta 10.3 min
[botrr] 210/1224 botrr:aggressive:setup_sweep b7: W/L/D 75/115/10 to 0 in 6.4s; elapsed 2.1 min, eta 10.3 min
[botrr] 211/1224 botrr:staller_v2:setup_sweep b7: W/L/D 74/119/7 to 0 in 7.1s; elapsed 2.1 min, eta 10.2 min
[botrr] 212/1224 botrr:staller_v2:aggressive_v2 b7: W/L/D 70/128/2 to 0 in 7.4s; elapsed 2.1 min, eta 10.2 min
[botrr] 213/1224 botrr:staller_v2:setup_sweep_v2 b7: W/L/D 70/128/2 to 1 in 7.6s; elapsed 2.1 min, eta 10.1 min
[botrr] 214/1224 botrr:aggressive_v2:setup_sweep_v2 b7: W/L/D 94/102/4 to 0 in 5.7s; elapsed 2.1 min, eta 10.1 min
[botrr] 215/1224 botrr:aggressive_v2:setup_sweep b7: W/L/D 103/91/6 to 0 in 6.8s; elapsed 2.2 min, eta 10.1 min
[botrr] 216/1224 botrr:setup_sweep:setup_sweep_v2 b7: W/L/D 96/97/7 to 0 in 5.8s; elapsed 2.2 min, eta 10.1 min
[botrr] 217/1224 botrr:random:heuristic2 b8: W/L/D 2/198/0 to 0 in 6.4s; elapsed 2.2 min, eta 10.3 min
[botrr] 218/1224 botrr:random:setup_sweep b8: W/L/D 3/197/0 to 0 in 5.9s; elapsed 2.2 min, eta 10.3 min
[botrr] 219/1224 botrr:random:aggressive_v2 b8: W/L/D 2/198/0 to 0 in 6.2s; elapsed 2.2 min, eta 10.2 min
[botrr] 220/1224 botrr:random:staller b8: W/L/D 4/194/2 to 1 in 7.1s; elapsed 2.2 min, eta 10.2 min
[botrr] 221/1224 botrr:random:heuristic b8: W/L/D 5/194/1 to 0 in 7.7s; elapsed 2.2 min, eta 10.1 min
[botrr] 222/1224 botrr:random:aggressive b8: W/L/D 4/195/1 to 0 in 6.8s; elapsed 2.2 min, eta 10.1 min
[botrr] 223/1224 botrr:heuristic:heuristic2 b8: W/L/D 94/100/6 to 0 in 6.5s; elapsed 2.2 min, eta 10.1 min
[botrr] 224/1224 botrr:random:setup_sweep_v2 b8: W/L/D 7/193/0 to 0 in 7.0s; elapsed 2.2 min, eta 10.0 min
[botrr] 225/1224 botrr:random:staller_v2 b8: W/L/D 8/192/0 to 0 in 7.9s; elapsed 2.3 min, eta 10.0 min
[botrr] 226/1224 botrr:heuristic:staller_v2 b8: W/L/D 119/76/5 to 0 in 6.4s; elapsed 2.3 min, eta 10.0 min
[botrr] 227/1224 botrr:heuristic:staller b8: W/L/D 98/86/16 to 0 in 7.1s; elapsed 2.3 min, eta 9.9 min
[botrr] 228/1224 botrr:heuristic:aggressive b8: W/L/D 104/82/14 to 0 in 6.7s; elapsed 2.3 min, eta 9.9 min
[botrr] 229/1224 botrr:heuristic:aggressive_v2 b8: W/L/D 76/120/4 to 0 in 7.2s; elapsed 2.3 min, eta 10.2 min
[botrr] 230/1224 botrr:heuristic2:aggressive b8: W/L/D 132/61/7 to 0 in 6.7s; elapsed 2.3 min, eta 10.2 min
[botrr] 231/1224 botrr:heuristic:setup_sweep b8: W/L/D 93/98/9 to 0 in 7.8s; elapsed 2.4 min, eta 10.1 min
[botrr] 232/1224 botrr:staller:aggressive b8: W/L/D 106/82/12 to 0 in 6.7s; elapsed 2.4 min, eta 10.1 min
[botrr] 233/1224 botrr:heuristic2:setup_sweep b8: W/L/D 100/94/6 to 0 in 7.6s; elapsed 2.4 min, eta 10.1 min
[botrr] 234/1224 botrr:heuristic:setup_sweep_v2 b8: W/L/D 77/119/4 to 0 in 8.7s; elapsed 2.4 min, eta 10.1 min
[botrr] 235/1224 botrr:heuristic2:staller b8: W/L/D 121/72/7 to 0 in 8.9s; elapsed 2.4 min, eta 10.0 min
[botrr] 236/1224 botrr:heuristic2:setup_sweep_v2 b8: W/L/D 94/104/2 to 0 in 8.0s; elapsed 2.4 min, eta 10.0 min
[botrr] 237/1224 botrr:heuristic2:aggressive_v2 b8: W/L/D 99/98/3 to 0 in 8.9s; elapsed 2.4 min, eta 10.0 min
[botrr] 238/1224 botrr:staller:aggressive_v2 b8: W/L/D 93/99/8 to 1 in 8.1s; elapsed 2.4 min, eta 10.0 min
[botrr] 239/1224 botrr:heuristic2:staller_v2 b8: W/L/D 132/65/3 to 0 in 10.2s; elapsed 2.4 min, eta 9.9 min
[botrr] 240/1224 botrr:staller:staller_v2 b8: W/L/D 97/98/5 to 0 in 9.6s; elapsed 2.4 min, eta 9.9 min
[botrr] 241/1224 botrr:staller:setup_sweep b8: W/L/D 85/107/8 to 0 in 7.9s; elapsed 2.5 min, eta 10.1 min
[botrr] 242/1224 botrr:aggressive:aggressive_v2 b8: W/L/D 67/128/5 to 0 in 5.9s; elapsed 2.5 min, eta 10.1 min
[botrr] 243/1224 botrr:staller:setup_sweep_v2 b8: W/L/D 74/121/5 to 0 in 8.3s; elapsed 2.5 min, eta 10.0 min
[botrr] 244/1224 botrr:aggressive:setup_sweep_v2 b8: W/L/D 70/124/6 to 0 in 5.9s; elapsed 2.5 min, eta 10.0 min
[botrr] 245/1224 botrr:staller_v2:setup_sweep_v2 b8: W/L/D 64/133/3 to 0 in 7.0s; elapsed 2.5 min, eta 10.0 min
[botrr] 246/1224 botrr:staller_v2:aggressive b8: W/L/D 104/88/8 to 0 in 8.2s; elapsed 2.5 min, eta 9.9 min
[botrr] 247/1224 botrr:aggressive:setup_sweep b8: W/L/D 72/113/15 to 0 in 6.9s; elapsed 2.5 min, eta 9.9 min
[botrr] 248/1224 botrr:staller_v2:setup_sweep b8: W/L/D 79/115/6 to 0 in 7.6s; elapsed 2.5 min, eta 9.9 min
[botrr] 249/1224 botrr:aggressive_v2:setup_sweep_v2 b8: W/L/D 108/88/4 to 0 in 6.0s; elapsed 2.5 min, eta 9.8 min
[botrr] 250/1224 botrr:staller_v2:aggressive_v2 b8: W/L/D 79/121/0 to 0 in 8.2s; elapsed 2.5 min, eta 9.8 min
[botrr] 251/1224 botrr:setup_sweep:setup_sweep_v2 b8: W/L/D 92/97/11 to 0 in 5.7s; elapsed 2.5 min, eta 9.7 min
[botrr] 252/1224 botrr:aggressive_v2:setup_sweep b8: W/L/D 111/87/2 to 0 in 7.0s; elapsed 2.5 min, eta 9.7 min
[botrr] 253/1224 botrr:random:heuristic b9: W/L/D 3/195/2 to 0 in 7.7s; elapsed 2.6 min, eta 10.0 min
[botrr] 254/1224 botrr:random:heuristic2 b9: W/L/D 1/199/0 to 0 in 7.4s; elapsed 2.6 min, eta 10.0 min
[botrr] 255/1224 botrr:random:setup_sweep b9: W/L/D 2/197/1 to 0 in 6.5s; elapsed 2.6 min, eta 9.9 min
[botrr] 256/1224 botrr:random:aggressive_v2 b9: W/L/D 4/195/1 to 1 in 6.8s; elapsed 2.6 min, eta 9.9 min
[botrr] 257/1224 botrr:random:setup_sweep_v2 b9: W/L/D 4/195/1 to 0 in 6.4s; elapsed 2.6 min, eta 9.8 min
[botrr] 258/1224 botrr:random:aggressive b9: W/L/D 4/193/3 to 0 in 7.3s; elapsed 2.6 min, eta 9.8 min
[botrr] 259/1224 botrr:heuristic:aggressive b9: W/L/D 124/69/7 to 0 in 5.9s; elapsed 2.6 min, eta 9.8 min
[botrr] 260/1224 botrr:random:staller_v2 b9: W/L/D 7/192/1 to 1 in 7.7s; elapsed 2.6 min, eta 9.7 min
[botrr] 261/1224 botrr:random:staller b9: W/L/D 6/194/0 to 0 in 8.5s; elapsed 2.6 min, eta 9.7 min
[botrr] 262/1224 botrr:heuristic:staller b9: W/L/D 95/96/9 to 0 in 7.6s; elapsed 2.6 min, eta 9.7 min
[botrr] 263/1224 botrr:heuristic:heuristic2 b9: W/L/D 90/107/3 to 0 in 8.1s; elapsed 2.6 min, eta 9.7 min
[botrr] 264/1224 botrr:heuristic:staller_v2 b9: W/L/D 115/83/2 to 0 in 8.3s; elapsed 2.7 min, eta 9.6 min
[botrr] 265/1224 botrr:heuristic:aggressive_v2 b9: W/L/D 77/115/8 to 0 in 6.3s; elapsed 2.7 min, eta 9.8 min
[botrr] 266/1224 botrr:heuristic2:aggressive b9: W/L/D 120/74/6 to 0 in 6.0s; elapsed 2.7 min, eta 9.8 min
[botrr] 267/1224 botrr:heuristic:setup_sweep b9: W/L/D 91/96/13 to 0 in 7.2s; elapsed 2.7 min, eta 9.8 min
[botrr] 268/1224 botrr:heuristic2:staller b9: W/L/D 114/80/6 to 0 in 6.9s; elapsed 2.7 min, eta 9.7 min
[botrr] 269/1224 botrr:heuristic2:setup_sweep_v2 b9: W/L/D 101/96/3 to 0 in 6.1s; elapsed 2.7 min, eta 9.7 min
[botrr] 270/1224 botrr:heuristic:setup_sweep_v2 b9: W/L/D 95/102/3 to 0 in 7.3s; elapsed 2.7 min, eta 9.7 min
[botrr] 271/1224 botrr:staller:aggressive b9: W/L/D 112/77/11 to 0 in 5.9s; elapsed 2.7 min, eta 9.6 min
[botrr] 272/1224 botrr:heuristic2:setup_sweep b9: W/L/D 102/92/6 to 0 in 7.2s; elapsed 2.7 min, eta 9.6 min
[botrr] 273/1224 botrr:heuristic2:aggressive_v2 b9: W/L/D 100/97/3 to 0 in 7.4s; elapsed 2.7 min, eta 9.6 min
[botrr] 274/1224 botrr:heuristic2:staller_v2 b9: W/L/D 127/72/1 to 0 in 7.9s; elapsed 2.7 min, eta 9.5 min
[botrr] 275/1224 botrr:staller:staller_v2 b9: W/L/D 93/104/3 to 0 in 6.6s; elapsed 2.7 min, eta 9.5 min
[botrr] 276/1224 botrr:staller:aggressive_v2 b9: W/L/D 67/127/6 to 0 in 7.3s; elapsed 2.8 min, eta 9.5 min
[botrr] 277/1224 botrr:staller:setup_sweep b9: W/L/D 78/109/13 to 0 in 6.8s; elapsed 2.8 min, eta 9.6 min
[botrr] 278/1224 botrr:staller_v2:aggressive b9: W/L/D 115/81/4 to 0 in 5.8s; elapsed 2.8 min, eta 9.6 min
[botrr] 279/1224 botrr:aggressive:setup_sweep b9: W/L/D 78/112/10 to 0 in 5.2s; elapsed 2.8 min, eta 9.6 min
[botrr] 280/1224 botrr:aggressive:setup_sweep_v2 b9: W/L/D 62/127/11 to 0 in 5.3s; elapsed 2.8 min, eta 9.6 min
[botrr] 281/1224 botrr:staller_v2:setup_sweep_v2 b9: W/L/D 66/132/2 to 0 in 6.2s; elapsed 2.8 min, eta 9.5 min
[botrr] 282/1224 botrr:staller:setup_sweep_v2 b9: W/L/D 77/121/2 to 0 in 7.1s; elapsed 2.8 min, eta 9.5 min
[botrr] 283/1224 botrr:staller_v2:setup_sweep b9: W/L/D 77/120/3 to 0 in 6.8s; elapsed 2.8 min, eta 9.5 min
[botrr] 284/1224 botrr:aggressive:aggressive_v2 b9: W/L/D 69/125/6 to 0 in 6.4s; elapsed 2.9 min, eta 9.4 min
[botrr] 285/1224 botrr:staller_v2:aggressive_v2 b9: W/L/D 68/130/2 to 0 in 7.2s; elapsed 2.9 min, eta 9.4 min
[botrr] 286/1224 botrr:aggressive_v2:setup_sweep b9: W/L/D 106/89/5 to 0 in 6.5s; elapsed 2.9 min, eta 9.4 min
[botrr] 287/1224 botrr:aggressive_v2:setup_sweep_v2 b9: W/L/D 95/101/4 to 0 in 6.6s; elapsed 2.9 min, eta 9.3 min
[botrr] 288/1224 botrr:setup_sweep:setup_sweep_v2 b9: W/L/D 100/93/7 to 0 in 5.6s; elapsed 2.9 min, eta 9.3 min
[botrr] 289/1224 botrr:random:heuristic b10: W/L/D 5/195/0 to 0 in 6.0s; elapsed 2.9 min, eta 9.5 min
[botrr] 290/1224 botrr:random:setup_sweep_v2 b10: W/L/D 0/200/0 to 0 in 5.7s; elapsed 2.9 min, eta 9.5 min
[botrr] 291/1224 botrr:random:heuristic2 b10: W/L/D 5/194/1 to 1 in 7.2s; elapsed 2.9 min, eta 9.4 min
[botrr] 292/1224 botrr:random:aggressive b10: W/L/D 6/191/3 to 0 in 6.7s; elapsed 3.0 min, eta 9.4 min
[botrr] 293/1224 botrr:random:staller_v2 b10: W/L/D 12/188/0 to 0 in 7.1s; elapsed 3.0 min, eta 9.4 min
[botrr] 294/1224 botrr:heuristic:heuristic2 b10: W/L/D 89/105/6 to 0 in 6.2s; elapsed 3.0 min, eta 9.3 min
[botrr] 295/1224 botrr:heuristic:staller b10: W/L/D 104/87/9 to 0 in 6.0s; elapsed 3.0 min, eta 9.3 min
[botrr] 296/1224 botrr:random:aggressive_v2 b10: W/L/D 6/194/0 to 0 in 7.1s; elapsed 3.0 min, eta 9.3 min
[botrr] 297/1224 botrr:random:staller b10: W/L/D 10/190/0 to 0 in 7.5s; elapsed 3.0 min, eta 9.2 min
[botrr] 298/1224 botrr:heuristic:aggressive b10: W/L/D 118/73/9 to 0 in 5.3s; elapsed 3.0 min, eta 9.2 min
[botrr] 299/1224 botrr:random:setup_sweep b10: W/L/D 3/196/1 to 1 in 6.8s; elapsed 3.0 min, eta 9.2 min
[botrr] 300/1224 botrr:heuristic:staller_v2 b10: W/L/D 113/84/3 to 0 in 6.3s; elapsed 3.0 min, eta 9.1 min
[botrr] 301/1224 botrr:heuristic:aggressive_v2 b10: W/L/D 88/106/6 to 0 in 6.6s; elapsed 3.0 min, eta 9.3 min
[botrr] 302/1224 botrr:heuristic:setup_sweep_v2 b10: W/L/D 79/116/5 to 0 in 6.0s; elapsed 3.0 min, eta 9.3 min
[botrr] 303/1224 botrr:staller:aggressive b10: W/L/D 113/74/13 to 0 in 5.3s; elapsed 3.1 min, eta 9.3 min
[botrr] 304/1224 botrr:heuristic2:staller b10: W/L/D 124/71/5 to 0 in 6.2s; elapsed 3.1 min, eta 9.2 min
[botrr] 305/1224 botrr:heuristic2:setup_sweep_v2 b10: W/L/D 100/95/5 to 0 in 5.9s; elapsed 3.1 min, eta 9.2 min
[botrr] 306/1224 botrr:heuristic:setup_sweep b10: W/L/D 91/96/13 to 0 in 6.8s; elapsed 3.1 min, eta 9.2 min
[botrr] 307/1224 botrr:heuristic2:setup_sweep b10: W/L/D 105/87/8 to 0 in 6.1s; elapsed 3.1 min, eta 9.1 min
[botrr] 308/1224 botrr:heuristic2:staller_v2 b10: W/L/D 128/72/0 to 0 in 6.6s; elapsed 3.1 min, eta 9.1 min
[botrr] 309/1224 botrr:heuristic2:aggressive b10: W/L/D 129/67/4 to 0 in 6.7s; elapsed 3.1 min, eta 9.1 min
[botrr] 310/1224 botrr:heuristic2:aggressive_v2 b10: W/L/D 101/95/4 to 1 in 7.0s; elapsed 3.1 min, eta 9.1 min
[botrr] 311/1224 botrr:staller:aggressive_v2 b10: W/L/D 65/125/10 to 2 in 7.1s; elapsed 3.1 min, eta 9.1 min
[botrr] 312/1224 botrr:staller:staller_v2 b10: W/L/D 94/100/6 to 1 in 7.6s; elapsed 3.1 min, eta 9.0 min
[botrr] 313/1224 botrr:staller:setup_sweep b10: W/L/D 86/105/9 to 0 in 6.7s; elapsed 3.1 min, eta 9.2 min
[botrr] 314/1224 botrr:aggressive:setup_sweep_v2 b10: W/L/D 80/111/9 to 0 in 5.2s; elapsed 3.2 min, eta 9.1 min
[botrr] 315/1224 botrr:staller_v2:setup_sweep_v2 b10: W/L/D 74/125/1 to 0 in 6.0s; elapsed 3.2 min, eta 9.1 min
[botrr] 316/1224 botrr:staller:setup_sweep_v2 b10: W/L/D 77/116/7 to 0 in 6.7s; elapsed 3.2 min, eta 9.1 min
[botrr] 317/1224 botrr:aggressive:aggressive_v2 b10: W/L/D 63/132/5 to 0 in 6.2s; elapsed 3.2 min, eta 9.1 min
[botrr] 318/1224 botrr:aggressive_v2:setup_sweep b10: W/L/D 109/86/5 to 0 in 5.4s; elapsed 3.2 min, eta 9.0 min
[botrr] 319/1224 botrr:staller_v2:aggressive b10: W/L/D 105/93/2 to 0 in 6.7s; elapsed 3.2 min, eta 9.0 min
[botrr] 320/1224 botrr:aggressive:setup_sweep b10: W/L/D 59/128/13 to 0 in 6.1s; elapsed 3.2 min, eta 8.9 min
[botrr] 321/1224 botrr:staller_v2:setup_sweep b10: W/L/D 70/124/6 to 0 in 7.0s; elapsed 3.2 min, eta 8.9 min
[botrr] 322/1224 botrr:aggressive_v2:setup_sweep_v2 b10: W/L/D 100/94/6 to 0 in 5.6s; elapsed 3.2 min, eta 8.9 min
[botrr] 323/1224 botrr:staller_v2:aggressive_v2 b10: W/L/D 74/124/2 to 0 in 7.5s; elapsed 3.2 min, eta 8.9 min
[botrr] 324/1224 botrr:setup_sweep:setup_sweep_v2 b10: W/L/D 89/108/3 to 0 in 6.7s; elapsed 3.2 min, eta 8.9 min
[botrr] 325/1224 botrr:random:heuristic b11: W/L/D 6/193/1 to 0 in 6.2s; elapsed 3.2 min, eta 9.0 min
[botrr] 326/1224 botrr:random:aggressive b11: W/L/D 3/196/1 to 0 in 5.7s; elapsed 3.3 min, eta 9.0 min
[botrr] 327/1224 botrr:random:setup_sweep_v2 b11: W/L/D 4/196/0 to 0 in 6.0s; elapsed 3.3 min, eta 9.0 min
[botrr] 328/1224 botrr:random:heuristic2 b11: W/L/D 0/200/0 to 0 in 6.8s; elapsed 3.3 min, eta 8.9 min
[botrr] 329/1224 botrr:random:setup_sweep b11: W/L/D 2/196/2 to 0 in 6.7s; elapsed 3.3 min, eta 8.9 min
[botrr] 330/1224 botrr:random:aggressive_v2 b11: W/L/D 2/196/2 to 0 in 7.0s; elapsed 3.3 min, eta 8.9 min
[botrr] 331/1224 botrr:heuristic:heuristic2 b11: W/L/D 94/102/4 to 0 in 6.2s; elapsed 3.3 min, eta 8.9 min
[botrr] 332/1224 botrr:random:staller_v2 b11: W/L/D 11/187/2 to 0 in 7.6s; elapsed 3.3 min, eta 8.8 min
[botrr] 333/1224 botrr:heuristic:staller_v2 b11: W/L/D 119/76/5 to 1 in 6.5s; elapsed 3.3 min, eta 8.8 min
[botrr] 334/1224 botrr:heuristic:aggressive b11: W/L/D 119/76/5 to 0 in 5.4s; elapsed 3.3 min, eta 8.8 min
[botrr] 335/1224 botrr:random:staller b11: W/L/D 8/187/5 to 2 in 8.1s; elapsed 3.3 min, eta 8.7 min
[botrr] 336/1224 botrr:heuristic:staller b11: W/L/D 108/83/9 to 1 in 7.2s; elapsed 3.3 min, eta 8.7 min
[botrr] 337/1224 botrr:heuristic:setup_sweep_v2 b11: W/L/D 85/111/4 to 0 in 5.7s; elapsed 3.4 min, eta 8.9 min
[botrr] 338/1224 botrr:heuristic:aggressive_v2 b11: W/L/D 84/105/11 to 0 in 6.9s; elapsed 3.4 min, eta 8.8 min
[botrr] 339/1224 botrr:heuristic:setup_sweep b11: W/L/D 92/103/5 to 0 in 6.7s; elapsed 3.4 min, eta 8.8 min
[botrr] 340/1224 botrr:heuristic2:aggressive b11: W/L/D 131/66/3 to 0 in 5.6s; elapsed 3.4 min, eta 8.8 min
[botrr] 341/1224 botrr:heuristic2:staller b11: W/L/D 128/68/4 to 0 in 6.7s; elapsed 3.4 min, eta 8.8 min
[botrr] 342/1224 botrr:heuristic2:setup_sweep b11: W/L/D 99/96/5 to 0 in 5.7s; elapsed 3.4 min, eta 8.7 min
[botrr] 343/1224 botrr:heuristic2:setup_sweep_v2 b11: W/L/D 89/106/5 to 0 in 5.9s; elapsed 3.4 min, eta 8.7 min
[botrr] 344/1224 botrr:staller:aggressive b11: W/L/D 115/75/10 to 1 in 5.8s; elapsed 3.4 min, eta 8.7 min
[botrr] 345/1224 botrr:staller:aggressive_v2 b11: W/L/D 75/119/6 to 0 in 5.7s; elapsed 3.4 min, eta 8.7 min
[botrr] 346/1224 botrr:heuristic2:aggressive_v2 b11: W/L/D 98/98/4 to 0 in 7.2s; elapsed 3.4 min, eta 8.6 min
[botrr] 347/1224 botrr:heuristic2:staller_v2 b11: W/L/D 143/56/1 to 0 in 7.6s; elapsed 3.4 min, eta 8.6 min
[botrr] 348/1224 botrr:staller:staller_v2 b11: W/L/D 99/99/2 to 0 in 7.8s; elapsed 3.4 min, eta 8.6 min
[botrr] 349/1224 botrr:staller:setup_sweep_v2 b11: W/L/D 81/114/5 to 0 in 6.0s; elapsed 3.5 min, eta 8.7 min
[botrr] 350/1224 botrr:staller_v2:aggressive b11: W/L/D 104/90/6 to 0 in 5.8s; elapsed 3.5 min, eta 8.7 min
[botrr] 351/1224 botrr:staller:setup_sweep b11: W/L/D 80/115/5 to 0 in 6.7s; elapsed 3.5 min, eta 8.6 min
[botrr] 352/1224 botrr:aggressive:setup_sweep_v2 b11: W/L/D 68/128/4 to 0 in 5.2s; elapsed 3.5 min, eta 8.6 min
[botrr] 353/1224 botrr:aggressive_v2:setup_sweep b11: W/L/D 104/90/6 to 0 in 5.6s; elapsed 3.5 min, eta 8.6 min
[botrr] 354/1224 botrr:aggressive:aggressive_v2 b11: W/L/D 68/125/7 to 0 in 6.4s; elapsed 3.5 min, eta 8.6 min
[botrr] 355/1224 botrr:staller_v2:setup_sweep b11: W/L/D 76/119/5 to 0 in 6.8s; elapsed 3.5 min, eta 8.6 min
[botrr] 356/1224 botrr:aggressive_v2:setup_sweep_v2 b11: W/L/D 104/94/2 to 0 in 5.6s; elapsed 3.5 min, eta 8.5 min
[botrr] 357/1224 botrr:staller_v2:aggressive_v2 b11: W/L/D 69/125/6 to 2 in 7.4s; elapsed 3.5 min, eta 8.5 min
[botrr] 358/1224 botrr:aggressive:setup_sweep b11: W/L/D 74/115/11 to 0 in 6.4s; elapsed 3.5 min, eta 8.5 min
[botrr] 359/1224 botrr:staller_v2:setup_sweep_v2 b11: W/L/D 76/123/1 to 0 in 7.1s; elapsed 3.5 min, eta 8.4 min
[botrr] 360/1224 botrr:setup_sweep:setup_sweep_v2 b11: W/L/D 95/96/9 to 0 in 5.6s; elapsed 3.5 min, eta 8.4 min
[botrr] 361/1224 botrr:random:heuristic b12: W/L/D 3/196/1 to 0 in 6.9s; elapsed 3.6 min, eta 8.6 min
[botrr] 362/1224 botrr:random:heuristic2 b12: W/L/D 6/194/0 to 0 in 7.2s; elapsed 3.6 min, eta 8.5 min
[botrr] 363/1224 botrr:random:aggressive_v2 b12: W/L/D 4/195/1 to 0 in 6.1s; elapsed 3.6 min, eta 8.5 min
[botrr] 364/1224 botrr:heuristic:staller b12: W/L/D 116/75/9 to 0 in 6.0s; elapsed 3.6 min, eta 8.5 min
[botrr] 365/1224 botrr:random:staller_v2 b12: W/L/D 13/186/1 to 1 in 7.1s; elapsed 3.6 min, eta 8.5 min
[botrr] 366/1224 botrr:heuristic:aggressive b12: W/L/D 102/85/13 to 0 in 5.5s; elapsed 3.6 min, eta 8.5 min
[botrr] 367/1224 botrr:heuristic:staller_v2 b12: W/L/D 118/77/5 to 0 in 6.4s; elapsed 3.6 min, eta 8.4 min
[botrr] 368/1224 botrr:random:setup_sweep_v2 b12: W/L/D 3/197/0 to 0 in 6.9s; elapsed 3.6 min, eta 8.4 min
[botrr] 369/1224 botrr:random:aggressive b12: W/L/D 10/188/2 to 0 in 7.1s; elapsed 3.6 min, eta 8.4 min
[botrr] 370/1224 botrr:random:setup_sweep b12: W/L/D 4/196/0 to 0 in 7.1s; elapsed 3.6 min, eta 8.3 min
[botrr] 371/1224 botrr:heuristic:heuristic2 b12: W/L/D 83/110/7 to 0 in 7.0s; elapsed 3.6 min, eta 8.3 min
[botrr] 372/1224 botrr:random:staller b12: W/L/D 10/189/1 to 0 in 8.5s; elapsed 3.6 min, eta 8.3 min
[botrr] 373/1224 botrr:heuristic:aggressive_v2 b12: W/L/D 80/111/9 to 0 in 5.6s; elapsed 3.7 min, eta 8.4 min
[botrr] 374/1224 botrr:heuristic:setup_sweep b12: W/L/D 90/104/6 to 0 in 5.6s; elapsed 3.7 min, eta 8.4 min
[botrr] 375/1224 botrr:heuristic2:staller b12: W/L/D 128/63/9 to 0 in 6.0s; elapsed 3.7 min, eta 8.4 min
[botrr] 376/1224 botrr:heuristic2:setup_sweep b12: W/L/D 101/96/3 to 0 in 5.6s; elapsed 3.7 min, eta 8.4 min
[botrr] 377/1224 botrr:staller:aggressive b12: W/L/D 113/74/13 to 0 in 5.8s; elapsed 3.7 min, eta 8.3 min
[botrr] 378/1224 botrr:heuristic:setup_sweep_v2 b12: W/L/D 93/101/6 to 0 in 6.9s; elapsed 3.7 min, eta 8.3 min
[botrr] 379/1224 botrr:heuristic2:setup_sweep_v2 b12: W/L/D 105/90/5 to 0 in 6.0s; elapsed 3.7 min, eta 8.3 min
[botrr] 380/1224 botrr:heuristic2:aggressive b12: W/L/D 143/51/6 to 0 in 6.7s; elapsed 3.7 min, eta 8.3 min
[botrr] 381/1224 botrr:staller:aggressive_v2 b12: W/L/D 74/117/9 to 1 in 6.1s; elapsed 3.7 min, eta 8.2 min
[botrr] 382/1224 botrr:staller:staller_v2 b12: W/L/D 90/103/7 to 2 in 6.8s; elapsed 3.7 min, eta 8.2 min
[botrr] 383/1224 botrr:heuristic2:staller_v2 b12: W/L/D 130/67/3 to 0 in 8.0s; elapsed 3.7 min, eta 8.2 min
[botrr] 384/1224 botrr:heuristic2:aggressive_v2 b12: W/L/D 98/97/5 to 1 in 7.6s; elapsed 3.7 min, eta 8.2 min
[botrr] 385/1224 botrr:staller:setup_sweep b12: W/L/D 71/123/6 to 0 in 6.6s; elapsed 3.8 min, eta 8.2 min
[botrr] 386/1224 botrr:staller:setup_sweep_v2 b12: W/L/D 71/119/10 to 0 in 6.5s; elapsed 3.8 min, eta 8.2 min
[botrr] 387/1224 botrr:aggressive:setup_sweep b12: W/L/D 74/111/15 to 0 in 5.1s; elapsed 3.8 min, eta 8.2 min
[botrr] 388/1224 botrr:staller_v2:aggressive b12: W/L/D 108/89/3 to 0 in 6.7s; elapsed 3.8 min, eta 8.2 min
[botrr] 389/1224 botrr:staller_v2:setup_sweep_v2 b12: W/L/D 72/124/4 to 2 in 6.3s; elapsed 3.8 min, eta 8.2 min
[botrr] 390/1224 botrr:aggressive:aggressive_v2 b12: W/L/D 70/126/4 to 0 in 6.4s; elapsed 3.8 min, eta 8.2 min
[botrr] 391/1224 botrr:aggressive:setup_sweep_v2 b12: W/L/D 72/117/11 to 0 in 6.3s; elapsed 3.8 min, eta 8.2 min
[botrr] 392/1224 botrr:setup_sweep:setup_sweep_v2 b12: W/L/D 85/105/10 to 0 in 5.4s; elapsed 3.8 min, eta 8.1 min
[botrr] 393/1224 botrr:staller_v2:setup_sweep b12: W/L/D 69/125/6 to 0 in 6.9s; elapsed 3.8 min, eta 8.1 min
[botrr] 394/1224 botrr:aggressive_v2:setup_sweep_v2 b12: W/L/D 99/97/4 to 0 in 5.6s; elapsed 3.8 min, eta 8.1 min
[botrr] 395/1224 botrr:staller_v2:aggressive_v2 b12: W/L/D 70/130/0 to 0 in 7.6s; elapsed 3.8 min, eta 8.1 min
[botrr] 396/1224 botrr:aggressive_v2:setup_sweep b12: W/L/D 105/89/6 to 0 in 6.6s; elapsed 3.8 min, eta 8.0 min
[botrr] 397/1224 botrr:random:heuristic b13: W/L/D 2/196/2 to 1 in 6.3s; elapsed 3.9 min, eta 8.1 min
[botrr] 398/1224 botrr:random:heuristic2 b13: W/L/D 6/193/1 to 0 in 6.0s; elapsed 3.9 min, eta 8.1 min
[botrr] 399/1224 botrr:random:staller_v2 b13: W/L/D 11/188/1 to 0 in 6.0s; elapsed 3.9 min, eta 8.1 min
[botrr] 400/1224 botrr:heuristic:aggressive b13: W/L/D 122/67/11 to 0 in 5.2s; elapsed 3.9 min, eta 8.1 min
[botrr] 401/1224 botrr:random:aggressive_v2 b13: W/L/D 8/192/0 to 0 in 6.2s; elapsed 3.9 min, eta 8.1 min
[botrr] 402/1224 botrr:random:setup_sweep b13: W/L/D 4/195/1 to 0 in 6.0s; elapsed 3.9 min, eta 8.0 min
[botrr] 403/1224 botrr:random:staller b13: W/L/D 6/193/1 to 0 in 7.4s; elapsed 3.9 min, eta 8.0 min
[botrr] 404/1224 botrr:random:setup_sweep_v2 b13: W/L/D 7/193/0 to 0 in 6.1s; elapsed 3.9 min, eta 8.0 min
[botrr] 405/1224 botrr:heuristic:heuristic2 b13: W/L/D 88/110/2 to 0 in 6.1s; elapsed 3.9 min, eta 8.0 min
[botrr] 406/1224 botrr:random:aggressive b13: W/L/D 4/194/2 to 0 in 7.1s; elapsed 3.9 min, eta 7.9 min
[botrr] 407/1224 botrr:heuristic:staller_v2 b13: W/L/D 122/77/1 to 0 in 6.5s; elapsed 3.9 min, eta 7.9 min
[botrr] 408/1224 botrr:heuristic:staller b13: W/L/D 113/80/7 to 1 in 7.3s; elapsed 4.0 min, eta 7.9 min
[botrr] 409/1224 botrr:heuristic:aggressive_v2 b13: W/L/D 83/112/5 to 0 in 6.6s; elapsed 4.0 min, eta 8.0 min
[botrr] 410/1224 botrr:heuristic:setup_sweep b13: W/L/D 97/92/11 to 0 in 6.6s; elapsed 4.0 min, eta 8.0 min
[botrr] 411/1224 botrr:heuristic:setup_sweep_v2 b13: W/L/D 93/102/5 to 0 in 6.6s; elapsed 4.0 min, eta 8.0 min
[botrr] 412/1224 botrr:heuristic2:aggressive b13: W/L/D 123/68/9 to 1 in 6.7s; elapsed 4.0 min, eta 8.0 min
[botrr] 413/1224 botrr:heuristic2:setup_sweep b13: W/L/D 108/88/4 to 0 in 6.9s; elapsed 4.0 min, eta 7.9 min
[botrr] 414/1224 botrr:heuristic2:aggressive_v2 b13: W/L/D 101/92/7 to 0 in 7.0s; elapsed 4.0 min, eta 7.9 min
[botrr] 415/1224 botrr:staller:aggressive b13: W/L/D 115/75/10 to 0 in 6.5s; elapsed 4.1 min, eta 7.9 min
[botrr] 416/1224 botrr:heuristic2:staller b13: W/L/D 121/72/7 to 2 in 7.6s; elapsed 4.1 min, eta 7.9 min
[botrr] 417/1224 botrr:heuristic2:staller_v2 b13: W/L/D 128/71/1 to 0 in 7.6s; elapsed 4.1 min, eta 7.9 min
[botrr] 418/1224 botrr:heuristic2:setup_sweep_v2 b13: W/L/D 98/99/3 to 0 in 7.3s; elapsed 4.1 min, eta 7.8 min
[botrr] 419/1224 botrr:staller:staller_v2 b13: W/L/D 120/75/5 to 3 in 7.0s; elapsed 4.1 min, eta 7.8 min
[botrr] 420/1224 botrr:staller:aggressive_v2 b13: W/L/D 68/123/9 to 1 in 6.2s; elapsed 4.1 min, eta 7.8 min
[botrr] 421/1224 botrr:staller:setup_sweep_v2 b13: W/L/D 78/109/13 to 0 in 5.6s; elapsed 4.1 min, eta 7.8 min
[botrr] 422/1224 botrr:staller:setup_sweep b13: W/L/D 75/115/10 to 0 in 6.5s; elapsed 4.1 min, eta 7.8 min
[botrr] 423/1224 botrr:staller_v2:aggressive b13: W/L/D 105/92/3 to 0 in 6.1s; elapsed 4.1 min, eta 7.8 min
[botrr] 424/1224 botrr:aggressive:setup_sweep b13: W/L/D 78/118/4 to 0 in 5.2s; elapsed 4.1 min, eta 7.8 min
[botrr] 425/1224 botrr:aggressive:aggressive_v2 b13: W/L/D 71/119/10 to 0 in 5.4s; elapsed 4.1 min, eta 7.8 min
[botrr] 426/1224 botrr:aggressive:setup_sweep_v2 b13: W/L/D 70/127/3 to 0 in 5.4s; elapsed 4.1 min, eta 7.8 min
[botrr] 427/1224 botrr:staller_v2:aggressive_v2 b13: W/L/D 83/116/1 to 0 in 6.3s; elapsed 4.1 min, eta 7.7 min
[botrr] 428/1224 botrr:aggressive_v2:setup_sweep b13: W/L/D 102/91/7 to 0 in 5.6s; elapsed 4.2 min, eta 7.7 min
[botrr] 429/1224 botrr:staller_v2:setup_sweep b13: W/L/D 68/129/3 to 1 in 6.5s; elapsed 4.2 min, eta 7.7 min
[botrr] 430/1224 botrr:staller_v2:setup_sweep_v2 b13: W/L/D 73/125/2 to 0 in 6.5s; elapsed 4.2 min, eta 7.7 min
[botrr] 431/1224 botrr:setup_sweep:setup_sweep_v2 b13: W/L/D 95/98/7 to 0 in 6.5s; elapsed 4.2 min, eta 7.7 min
[botrr] 432/1224 botrr:aggressive_v2:setup_sweep_v2 b13: W/L/D 97/98/5 to 0 in 7.1s; elapsed 4.2 min, eta 7.7 min
[botrr] 433/1224 botrr:random:heuristic2 b14: W/L/D 6/194/0 to 0 in 6.1s; elapsed 4.2 min, eta 7.7 min
[botrr] 434/1224 botrr:random:heuristic b14: W/L/D 2/198/0 to 0 in 7.5s; elapsed 4.2 min, eta 7.7 min
[botrr] 435/1224 botrr:random:staller b14: W/L/D 5/195/0 to 0 in 7.5s; elapsed 4.3 min, eta 7.7 min
[botrr] 436/1224 botrr:random:aggressive b14: W/L/D 4/192/4 to 0 in 6.7s; elapsed 4.3 min, eta 7.7 min
[botrr] 437/1224 botrr:random:staller_v2 b14: W/L/D 12/187/1 to 1 in 7.3s; elapsed 4.3 min, eta 7.7 min
[botrr] 438/1224 botrr:heuristic:aggressive b14: W/L/D 117/77/6 to 0 in 5.4s; elapsed 4.3 min, eta 7.7 min
[botrr] 439/1224 botrr:random:setup_sweep b14: W/L/D 5/195/0 to 0 in 7.3s; elapsed 4.3 min, eta 7.6 min
[botrr] 440/1224 botrr:random:setup_sweep_v2 b14: W/L/D 4/195/1 to 0 in 7.2s; elapsed 4.3 min, eta 7.6 min
[botrr] 441/1224 botrr:random:aggressive_v2 b14: W/L/D 8/189/3 to 2 in 7.6s; elapsed 4.3 min, eta 7.6 min
[botrr] 442/1224 botrr:heuristic:staller_v2 b14: W/L/D 114/82/4 to 0 in 6.3s; elapsed 4.3 min, eta 7.6 min
[botrr] 443/1224 botrr:heuristic:heuristic2 b14: W/L/D 85/114/1 to 0 in 7.2s; elapsed 4.3 min, eta 7.5 min
[botrr] 444/1224 botrr:heuristic:staller b14: W/L/D 113/77/10 to 0 in 7.4s; elapsed 4.3 min, eta 7.5 min
[botrr] 445/1224 botrr:heuristic:setup_sweep b14: W/L/D 94/100/6 to 0 in 5.7s; elapsed 4.3 min, eta 7.6 min
[botrr] 446/1224 botrr:heuristic:aggressive_v2 b14: W/L/D 83/100/17 to 0 in 6.7s; elapsed 4.3 min, eta 7.5 min
[botrr] 447/1224 botrr:heuristic2:staller b14: W/L/D 119/80/1 to 1 in 6.5s; elapsed 4.4 min, eta 7.6 min
[botrr] 448/1224 botrr:heuristic:setup_sweep_v2 b14: W/L/D 80/116/4 to 0 in 6.9s; elapsed 4.4 min, eta 7.6 min
[botrr] 449/1224 botrr:heuristic2:aggressive_v2 b14: W/L/D 94/105/1 to 0 in 6.2s; elapsed 4.4 min, eta 7.6 min
[botrr] 450/1224 botrr:heuristic2:setup_sweep b14: W/L/D 104/92/4 to 0 in 6.2s; elapsed 4.4 min, eta 7.5 min
[botrr] 451/1224 botrr:heuristic2:setup_sweep_v2 b14: W/L/D 97/97/6 to 0 in 6.2s; elapsed 4.4 min, eta 7.5 min
[botrr] 452/1224 botrr:heuristic2:staller_v2 b14: W/L/D 125/70/5 to 1 in 7.1s; elapsed 4.4 min, eta 7.5 min
[botrr] 453/1224 botrr:staller:aggressive_v2 b14: W/L/D 71/123/6 to 0 in 6.3s; elapsed 4.4 min, eta 7.5 min
[botrr] 454/1224 botrr:heuristic2:aggressive b14: W/L/D 138/57/5 to 0 in 7.1s; elapsed 4.4 min, eta 7.4 min
[botrr] 455/1224 botrr:staller:aggressive b14: W/L/D 98/92/10 to 1 in 7.6s; elapsed 4.4 min, eta 7.4 min
[botrr] 456/1224 botrr:staller:staller_v2 b14: W/L/D 91/100/9 to 0 in 8.2s; elapsed 4.4 min, eta 7.4 min
[botrr] 457/1224 botrr:staller:setup_sweep_v2 b14: W/L/D 71/122/7 to 0 in 5.7s; elapsed 4.4 min, eta 7.4 min
[botrr] 458/1224 botrr:staller:setup_sweep b14: W/L/D 84/105/11 to 0 in 6.6s; elapsed 4.4 min, eta 7.4 min
[botrr] 459/1224 botrr:staller_v2:aggressive_v2 b14: W/L/D 71/125/4 to 0 in 6.2s; elapsed 4.5 min, eta 7.5 min
[botrr] 460/1224 botrr:aggressive_v2:setup_sweep b14: W/L/D 101/95/4 to 0 in 5.4s; elapsed 4.5 min, eta 7.4 min
[botrr] 461/1224 botrr:staller_v2:aggressive b14: W/L/D 104/94/2 to 0 in 6.8s; elapsed 4.5 min, eta 7.4 min
[botrr] 462/1224 botrr:aggressive:aggressive_v2 b14: W/L/D 67/130/3 to 0 in 6.3s; elapsed 4.5 min, eta 7.4 min
[botrr] 463/1224 botrr:staller_v2:setup_sweep b14: W/L/D 85/109/6 to 0 in 7.0s; elapsed 4.5 min, eta 7.4 min
[botrr] 464/1224 botrr:aggressive:setup_sweep_v2 b14: W/L/D 83/111/6 to 0 in 6.3s; elapsed 4.5 min, eta 7.4 min
[botrr] 465/1224 botrr:aggressive:setup_sweep b14: W/L/D 78/105/17 to 0 in 6.3s; elapsed 4.5 min, eta 7.3 min
[botrr] 466/1224 botrr:aggressive_v2:setup_sweep_v2 b14: W/L/D 98/98/4 to 0 in 5.6s; elapsed 4.5 min, eta 7.3 min
[botrr] 467/1224 botrr:setup_sweep:setup_sweep_v2 b14: W/L/D 91/106/3 to 0 in 5.4s; elapsed 4.5 min, eta 7.3 min
[botrr] 468/1224 botrr:staller_v2:setup_sweep_v2 b14: W/L/D 70/126/4 to 1 in 7.6s; elapsed 4.5 min, eta 7.3 min
[botrr] 469/1224 botrr:random:heuristic b15: W/L/D 4/196/0 to 0 in 7.2s; elapsed 4.5 min, eta 7.3 min
[botrr] 470/1224 botrr:random:heuristic2 b15: W/L/D 3/196/1 to 0 in 7.2s; elapsed 4.6 min, eta 7.3 min
[botrr] 471/1224 botrr:random:aggressive b15: W/L/D 7/191/2 to 0 in 5.9s; elapsed 4.6 min, eta 7.3 min
[botrr] 472/1224 botrr:random:aggressive_v2 b15: W/L/D 6/194/0 to 0 in 6.3s; elapsed 4.6 min, eta 7.3 min
[botrr] 473/1224 botrr:random:setup_sweep_v2 b15: W/L/D 3/197/0 to 0 in 5.9s; elapsed 4.6 min, eta 7.3 min
[botrr] 474/1224 botrr:random:setup_sweep b15: W/L/D 2/198/0 to 0 in 6.2s; elapsed 4.6 min, eta 7.3 min
[botrr] 475/1224 botrr:heuristic:aggressive b15: W/L/D 111/76/13 to 1 in 5.6s; elapsed 4.6 min, eta 7.3 min
[botrr] 476/1224 botrr:heuristic:staller b15: W/L/D 103/80/17 to 0 in 6.2s; elapsed 4.6 min, eta 7.2 min
[botrr] 477/1224 botrr:heuristic:heuristic2 b15: W/L/D 87/110/3 to 0 in 6.8s; elapsed 4.6 min, eta 7.2 min
[botrr] 478/1224 botrr:random:staller_v2 b15: W/L/D 13/187/0 to 0 in 8.1s; elapsed 4.6 min, eta 7.2 min
[botrr] 479/1224 botrr:random:staller b15: W/L/D 6/193/1 to 1 in 8.4s; elapsed 4.6 min, eta 7.2 min
[botrr] 480/1224 botrr:heuristic:staller_v2 b15: W/L/D 114/83/3 to 0 in 7.6s; elapsed 4.6 min, eta 7.2 min
[botrr] 481/1224 botrr:heuristic:aggressive_v2 b15: W/L/D 86/109/5 to 0 in 7.6s; elapsed 5.0 min, eta 7.7 min
[botrr] 482/1224 botrr:heuristic:setup_sweep b15: W/L/D 95/98/7 to 0 in 7.2s; elapsed 5.0 min, eta 7.7 min
[botrr] 483/1224 botrr:heuristic:setup_sweep_v2 b15: W/L/D 91/105/4 to 0 in 6.9s; elapsed 5.0 min, eta 7.7 min
[botrr] 484/1224 botrr:heuristic2:staller b15: W/L/D 123/71/6 to 0 in 7.1s; elapsed 5.0 min, eta 7.7 min
[botrr] 485/1224 botrr:heuristic2:aggressive b15: W/L/D 117/74/9 to 0 in 6.3s; elapsed 5.0 min, eta 7.7 min
[botrr] 486/1224 botrr:heuristic2:aggressive_v2 b15: W/L/D 92/103/5 to 1 in 6.8s; elapsed 5.0 min, eta 7.7 min
[botrr] 487/1224 botrr:heuristic2:setup_sweep b15: W/L/D 109/85/6 to 0 in 6.6s; elapsed 5.1 min, eta 7.6 min
[botrr] 488/1224 botrr:heuristic2:setup_sweep_v2 b15: W/L/D 102/96/2 to 0 in 6.9s; elapsed 5.1 min, eta 7.6 min
[botrr] 489/1224 botrr:heuristic2:staller_v2 b15: W/L/D 123/75/2 to 1 in 7.9s; elapsed 5.1 min, eta 7.6 min
[botrr] 490/1224 botrr:staller:aggressive b15: W/L/D 101/92/7 to 0 in 6.1s; elapsed 5.1 min, eta 7.6 min
[botrr] 491/1224 botrr:staller:staller_v2 b15: W/L/D 96/97/7 to 0 in 7.2s; elapsed 5.1 min, eta 7.6 min
[botrr] 492/1224 botrr:staller:setup_sweep b15: W/L/D 89/107/4 to 0 in 7.2s; elapsed 5.1 min, eta 7.6 min
[botrr] 493/1224 botrr:staller:aggressive_v2 b15: W/L/D 71/121/8 to 1 in 7.1s; elapsed 5.1 min, eta 7.5 min
[botrr] 494/1224 botrr:staller:setup_sweep_v2 b15: W/L/D 78/114/8 to 0 in 6.3s; elapsed 5.1 min, eta 7.5 min
[botrr] 495/1224 botrr:staller_v2:aggressive b15: W/L/D 110/88/2 to 0 in 6.9s; elapsed 5.1 min, eta 7.5 min
[botrr] 496/1224 botrr:aggressive:aggressive_v2 b15: W/L/D 64/127/9 to 0 in 5.8s; elapsed 5.1 min, eta 7.6 min
[botrr] 497/1224 botrr:staller_v2:aggressive_v2 b15: W/L/D 69/130/1 to 0 in 7.3s; elapsed 5.2 min, eta 7.5 min
[botrr] 498/1224 botrr:aggressive:setup_sweep b15: W/L/D 78/109/13 to 0 in 5.7s; elapsed 5.2 min, eta 7.5 min
[botrr] 499/1224 botrr:staller_v2:setup_sweep b15: W/L/D 71/123/6 to 0 in 7.4s; elapsed 5.2 min, eta 7.5 min
[botrr] 500/1224 botrr:staller_v2:setup_sweep_v2 b15: W/L/D 68/130/2 to 0 in 6.9s; elapsed 5.2 min, eta 7.5 min
[botrr] 501/1224 botrr:aggressive_v2:setup_sweep b15: W/L/D 103/90/7 to 0 in 6.1s; elapsed 5.2 min, eta 7.4 min
[botrr] 502/1224 botrr:aggressive:setup_sweep_v2 b15: W/L/D 67/130/3 to 0 in 6.3s; elapsed 5.2 min, eta 7.4 min
[botrr] 503/1224 botrr:aggressive_v2:setup_sweep_v2 b15: W/L/D 99/96/5 to 0 in 6.8s; elapsed 5.2 min, eta 7.4 min
[botrr] 504/1224 botrr:setup_sweep:setup_sweep_v2 b15: W/L/D 89/105/6 to 0 in 6.5s; elapsed 5.2 min, eta 7.4 min
[botrr] 505/1224 botrr:random:heuristic b16: W/L/D 2/198/0 to 0 in 7.3s; elapsed 5.2 min, eta 7.4 min
[botrr] 506/1224 botrr:random:heuristic2 b16: W/L/D 3/197/0 to 0 in 7.3s; elapsed 5.2 min, eta 7.4 min
[botrr] 507/1224 botrr:random:staller b16: W/L/D 4/194/2 to 1 in 8.1s; elapsed 5.3 min, eta 7.4 min
[botrr] 508/1224 botrr:random:aggressive b16: W/L/D 5/195/0 to 0 in 7.8s; elapsed 5.3 min, eta 7.4 min
[botrr] 509/1224 botrr:random:setup_sweep_v2 b16: W/L/D 5/194/1 to 0 in 8.1s; elapsed 5.3 min, eta 7.4 min
[botrr] 510/1224 botrr:random:setup_sweep b16: W/L/D 5/195/0 to 0 in 8.3s; elapsed 5.3 min, eta 7.4 min
[botrr] 511/1224 botrr:random:staller_v2 b16: W/L/D 15/185/0 to 0 in 9.0s; elapsed 5.3 min, eta 7.4 min
[botrr] 512/1224 botrr:random:aggressive_v2 b16: W/L/D 8/189/3 to 1 in 8.8s; elapsed 5.3 min, eta 7.4 min
[botrr] 513/1224 botrr:heuristic:staller b16: W/L/D 106/79/15 to 0 in 8.5s; elapsed 5.3 min, eta 7.4 min
[botrr] 514/1224 botrr:heuristic:heuristic2 b16: W/L/D 86/112/2 to 0 in 9.1s; elapsed 5.3 min, eta 7.3 min
[botrr] 515/1224 botrr:heuristic:aggressive b16: W/L/D 117/73/10 to 0 in 8.0s; elapsed 5.3 min, eta 7.3 min
[botrr] 516/1224 botrr:heuristic:setup_sweep b16: W/L/D 92/99/9 to 0 in 7.5s; elapsed 5.3 min, eta 7.3 min
[botrr] 517/1224 botrr:heuristic:staller_v2 b16: W/L/D 119/77/4 to 0 in 9.0s; elapsed 5.3 min, eta 7.3 min
[botrr] 518/1224 botrr:heuristic:aggressive_v2 b16: W/L/D 92/103/5 to 0 in 8.3s; elapsed 5.3 min, eta 7.3 min
[botrr] 519/1224 botrr:heuristic:setup_sweep_v2 b16: W/L/D 89/108/3 to 0 in 7.6s; elapsed 5.4 min, eta 7.3 min
[botrr] 520/1224 botrr:heuristic2:aggressive b16: W/L/D 118/76/6 to 0 in 6.3s; elapsed 5.4 min, eta 7.3 min
[botrr] 521/1224 botrr:heuristic2:aggressive_v2 b16: W/L/D 100/98/2 to 0 in 6.8s; elapsed 5.4 min, eta 7.3 min
[botrr] 522/1224 botrr:heuristic2:staller b16: W/L/D 127/68/5 to 0 in 7.9s; elapsed 5.4 min, eta 7.3 min
[botrr] 523/1224 botrr:heuristic2:setup_sweep b16: W/L/D 102/96/2 to 0 in 7.0s; elapsed 5.4 min, eta 7.3 min
[botrr] 524/1224 botrr:heuristic2:staller_v2 b16: W/L/D 131/67/2 to 1 in 7.4s; elapsed 5.4 min, eta 7.2 min
[botrr] 525/1224 botrr:staller:aggressive b16: W/L/D 109/81/10 to 0 in 5.9s; elapsed 5.4 min, eta 7.2 min
[botrr] 526/1224 botrr:heuristic2:setup_sweep_v2 b16: W/L/D 99/96/5 to 0 in 6.9s; elapsed 5.4 min, eta 7.2 min
[botrr] 527/1224 botrr:staller:aggressive_v2 b16: W/L/D 64/125/11 to 0 in 6.3s; elapsed 5.4 min, eta 7.2 min
[botrr] 528/1224 botrr:staller:staller_v2 b16: W/L/D 105/89/6 to 4 in 7.8s; elapsed 5.4 min, eta 7.2 min
[botrr] 529/1224 botrr:staller:setup_sweep b16: W/L/D 84/107/9 to 0 in 6.8s; elapsed 5.4 min, eta 7.2 min
[botrr] 530/1224 botrr:staller:setup_sweep_v2 b16: W/L/D 83/104/13 to 0 in 6.7s; elapsed 5.5 min, eta 7.1 min
[botrr] 531/1224 botrr:staller_v2:aggressive b16: W/L/D 101/96/3 to 0 in 6.7s; elapsed 5.5 min, eta 7.2 min
[botrr] 532/1224 botrr:aggressive:aggressive_v2 b16: W/L/D 57/135/8 to 0 in 6.0s; elapsed 5.5 min, eta 7.2 min
[botrr] 533/1224 botrr:staller_v2:setup_sweep b16: W/L/D 86/111/3 to 0 in 6.3s; elapsed 5.5 min, eta 7.2 min
[botrr] 534/1224 botrr:staller_v2:aggressive_v2 b16: W/L/D 65/133/2 to 0 in 7.1s; elapsed 5.5 min, eta 7.1 min
[botrr] 535/1224 botrr:aggressive:setup_sweep b16: W/L/D 71/121/8 to 0 in 6.2s; elapsed 5.5 min, eta 7.1 min
[botrr] 536/1224 botrr:aggressive_v2:setup_sweep b16: W/L/D 101/89/10 to 0 in 6.1s; elapsed 5.5 min, eta 7.1 min
[botrr] 537/1224 botrr:aggressive:setup_sweep_v2 b16: W/L/D 67/128/5 to 0 in 6.3s; elapsed 5.5 min, eta 7.1 min
[botrr] 538/1224 botrr:aggressive_v2:setup_sweep_v2 b16: W/L/D 95/103/2 to 0 in 6.8s; elapsed 5.5 min, eta 7.1 min
[botrr] 539/1224 botrr:staller_v2:setup_sweep_v2 b16: W/L/D 66/131/3 to 1 in 7.8s; elapsed 5.5 min, eta 7.0 min
[botrr] 540/1224 botrr:setup_sweep:setup_sweep_v2 b16: W/L/D 89/110/1 to 0 in 6.2s; elapsed 5.5 min, eta 7.0 min
[botrr] 541/1224 botrr:random:heuristic b17: W/L/D 6/192/2 to 0 in 7.4s; elapsed 5.6 min, eta 7.0 min
[botrr] 542/1224 botrr:random:heuristic2 b17: W/L/D 4/196/0 to 0 in 7.2s; elapsed 5.6 min, eta 7.0 min
[botrr] 543/1224 botrr:random:setup_sweep b17: W/L/D 3/197/0 to 0 in 6.3s; elapsed 5.6 min, eta 7.1 min
[botrr] 544/1224 botrr:random:staller b17: W/L/D 5/192/3 to 2 in 7.7s; elapsed 5.6 min, eta 7.0 min
[botrr] 545/1224 botrr:random:aggressive_v2 b17: W/L/D 2/198/0 to 0 in 6.8s; elapsed 5.6 min, eta 7.0 min
[botrr] 546/1224 botrr:random:aggressive b17: W/L/D 7/193/0 to 0 in 6.9s; elapsed 5.6 min, eta 7.0 min
[botrr] 547/1224 botrr:random:staller_v2 b17: W/L/D 16/184/0 to 0 in 7.3s; elapsed 5.6 min, eta 7.0 min
[botrr] 548/1224 botrr:random:setup_sweep_v2 b17: W/L/D 2/197/1 to 0 in 7.1s; elapsed 5.6 min, eta 7.0 min
[botrr] 549/1224 botrr:heuristic:heuristic2 b17: W/L/D 87/108/5 to 0 in 7.7s; elapsed 5.7 min, eta 7.0 min
[botrr] 550/1224 botrr:heuristic:aggressive b17: W/L/D 103/84/13 to 0 in 6.4s; elapsed 5.7 min, eta 6.9 min
[botrr] 551/1224 botrr:heuristic:staller b17: W/L/D 114/79/7 to 1 in 7.1s; elapsed 5.7 min, eta 6.9 min
[botrr] 552/1224 botrr:heuristic:staller_v2 b17: W/L/D 133/66/1 to 0 in 7.5s; elapsed 5.7 min, eta 6.9 min
[botrr] 553/1224 botrr:heuristic:aggressive_v2 b17: W/L/D 84/110/6 to 0 in 6.8s; elapsed 5.7 min, eta 6.9 min
[botrr] 554/1224 botrr:heuristic:setup_sweep b17: W/L/D 88/103/9 to 0 in 6.8s; elapsed 5.7 min, eta 6.9 min
[botrr] 555/1224 botrr:heuristic:setup_sweep_v2 b17: W/L/D 90/101/9 to 0 in 6.7s; elapsed 5.7 min, eta 6.9 min
[botrr] 556/1224 botrr:heuristic2:aggressive b17: W/L/D 131/65/4 to 0 in 6.4s; elapsed 5.7 min, eta 6.9 min
[botrr] 557/1224 botrr:heuristic2:staller b17: W/L/D 119/77/4 to 0 in 7.3s; elapsed 5.7 min, eta 6.9 min
[botrr] 558/1224 botrr:heuristic2:aggressive_v2 b17: W/L/D 95/105/0 to 0 in 6.7s; elapsed 5.8 min, eta 6.9 min
[botrr] 559/1224 botrr:heuristic2:setup_sweep b17: W/L/D 110/86/4 to 1 in 6.9s; elapsed 5.8 min, eta 6.8 min
[botrr] 560/1224 botrr:heuristic2:staller_v2 b17: W/L/D 141/55/4 to 3 in 7.9s; elapsed 5.8 min, eta 6.8 min
[botrr] 561/1224 botrr:staller:aggressive b17: W/L/D 100/91/9 to 0 in 6.5s; elapsed 5.8 min, eta 6.8 min
[botrr] 562/1224 botrr:heuristic2:setup_sweep_v2 b17: W/L/D 100/95/5 to 2 in 7.1s; elapsed 5.8 min, eta 6.8 min
[botrr] 563/1224 botrr:staller:aggressive_v2 b17: W/L/D 85/107/8 to 0 in 6.2s; elapsed 5.8 min, eta 6.8 min
[botrr] 564/1224 botrr:staller:staller_v2 b17: W/L/D 101/95/4 to 0 in 7.7s; elapsed 5.8 min, eta 6.8 min
[botrr] 565/1224 botrr:staller:setup_sweep_v2 b17: W/L/D 76/113/11 to 0 in 5.9s; elapsed 5.8 min, eta 6.7 min
[botrr] 566/1224 botrr:staller:setup_sweep b17: W/L/D 83/109/8 to 0 in 6.0s; elapsed 5.8 min, eta 6.7 min
[botrr] 567/1224 botrr:staller_v2:setup_sweep b17: W/L/D 70/126/4 to 0 in 6.2s; elapsed 5.9 min, eta 6.8 min
[botrr] 568/1224 botrr:staller_v2:aggressive b17: W/L/D 109/86/5 to 0 in 6.9s; elapsed 5.9 min, eta 6.8 min
[botrr] 569/1224 botrr:aggressive:setup_sweep_v2 b17: W/L/D 70/127/3 to 0 in 5.1s; elapsed 5.9 min, eta 6.7 min
[botrr] 570/1224 botrr:staller_v2:aggressive_v2 b17: W/L/D 71/125/4 to 1 in 7.0s; elapsed 5.9 min, eta 6.7 min
[botrr] 571/1224 botrr:aggressive:setup_sweep b17: W/L/D 77/111/12 to 0 in 5.7s; elapsed 5.9 min, eta 6.7 min
[botrr] 572/1224 botrr:aggressive_v2:setup_sweep b17: W/L/D 106/89/5 to 0 in 5.4s; elapsed 5.9 min, eta 6.7 min
[botrr] 573/1224 botrr:aggressive:aggressive_v2 b17: W/L/D 62/133/5 to 0 in 6.4s; elapsed 5.9 min, eta 6.7 min
[botrr] 574/1224 botrr:staller_v2:setup_sweep_v2 b17: W/L/D 71/128/1 to 0 in 6.7s; elapsed 5.9 min, eta 6.6 min
[botrr] 575/1224 botrr:aggressive_v2:setup_sweep_v2 b17: W/L/D 98/100/2 to 0 in 6.1s; elapsed 5.9 min, eta 6.6 min
[botrr] 576/1224 botrr:setup_sweep:setup_sweep_v2 b17: W/L/D 91/105/4 to 0 in 6.3s; elapsed 5.9 min, eta 6.6 min
[botrr] 577/1224 botrr:random:heuristic b18: W/L/D 3/197/0 to 0 in 6.6s; elapsed 5.9 min, eta 6.6 min
[botrr] 578/1224 botrr:random:heuristic2 b18: W/L/D 2/198/0 to 0 in 6.9s; elapsed 5.9 min, eta 6.6 min
[botrr] 579/1224 botrr:random:setup_sweep b18: W/L/D 3/195/2 to 0 in 5.8s; elapsed 6.0 min, eta 6.6 min
[botrr] 580/1224 botrr:random:aggressive b18: W/L/D 6/192/2 to 0 in 6.4s; elapsed 6.0 min, eta 6.6 min
[botrr] 581/1224 botrr:random:staller b18: W/L/D 3/197/0 to 0 in 6.9s; elapsed 6.0 min, eta 6.6 min
[botrr] 582/1224 botrr:heuristic:heuristic2 b18: W/L/D 87/107/6 to 0 in 6.3s; elapsed 6.0 min, eta 6.6 min
[botrr] 583/1224 botrr:random:aggressive_v2 b18: W/L/D 4/195/1 to 1 in 6.7s; elapsed 6.0 min, eta 6.6 min
[botrr] 584/1224 botrr:random:staller_v2 b18: W/L/D 11/189/0 to 0 in 7.1s; elapsed 6.0 min, eta 6.5 min
[botrr] 585/1224 botrr:random:setup_sweep_v2 b18: W/L/D 3/196/1 to 1 in 6.8s; elapsed 6.0 min, eta 6.5 min
[botrr] 586/1224 botrr:heuristic:staller b18: W/L/D 108/79/13 to 0 in 6.8s; elapsed 6.0 min, eta 6.5 min
[botrr] 587/1224 botrr:heuristic:aggressive b18: W/L/D 112/77/11 to 0 in 5.3s; elapsed 6.0 min, eta 6.5 min
[botrr] 588/1224 botrr:heuristic:staller_v2 b18: W/L/D 113/84/3 to 0 in 7.0s; elapsed 6.0 min, eta 6.5 min
[botrr] 589/1224 botrr:heuristic:aggressive_v2 b18: W/L/D 91/102/7 to 0 in 6.3s; elapsed 6.0 min, eta 6.5 min
[botrr] 590/1224 botrr:heuristic:setup_sweep b18: W/L/D 93/94/13 to 0 in 6.3s; elapsed 6.0 min, eta 6.5 min
[botrr] 591/1224 botrr:heuristic:setup_sweep_v2 b18: W/L/D 83/114/3 to 0 in 6.3s; elapsed 6.1 min, eta 6.5 min
[botrr] 592/1224 botrr:heuristic2:aggressive_v2 b18: W/L/D 95/97/8 to 0 in 5.8s; elapsed 6.1 min, eta 6.5 min
[botrr] 593/1224 botrr:heuristic2:setup_sweep b18: W/L/D 105/94/1 to 0 in 5.8s; elapsed 6.1 min, eta 6.5 min
[botrr] 594/1224 botrr:heuristic2:aggressive b18: W/L/D 133/61/6 to 0 in 6.5s; elapsed 6.1 min, eta 6.4 min
[botrr] 595/1224 botrr:heuristic2:setup_sweep_v2 b18: W/L/D 98/100/2 to 0 in 6.0s; elapsed 6.1 min, eta 6.4 min
[botrr] 596/1224 botrr:staller:aggressive b18: W/L/D 112/76/12 to 1 in 6.0s; elapsed 6.1 min, eta 6.4 min
[botrr] 597/1224 botrr:heuristic2:staller_v2 b18: W/L/D 129/71/0 to 0 in 7.0s; elapsed 6.1 min, eta 6.4 min
[botrr] 598/1224 botrr:heuristic2:staller b18: W/L/D 113/84/3 to 0 in 7.3s; elapsed 6.1 min, eta 6.4 min
[botrr] 599/1224 botrr:staller:aggressive_v2 b18: W/L/D 73/117/10 to 0 in 5.9s; elapsed 6.1 min, eta 6.4 min
[botrr] 600/1224 botrr:staller:setup_sweep_v2 b18: W/L/D 73/119/8 to 0 in 5.7s; elapsed 6.1 min, eta 6.3 min
[botrr] 601/1224 botrr:staller:staller_v2 b18: W/L/D 105/87/8 to 4 in 7.6s; elapsed 6.1 min, eta 6.3 min
[botrr] 602/1224 botrr:staller:setup_sweep b18: W/L/D 97/93/10 to 1 in 6.4s; elapsed 6.1 min, eta 6.3 min
[botrr] 603/1224 botrr:staller_v2:aggressive b18: W/L/D 105/91/4 to 0 in 6.4s; elapsed 6.2 min, eta 6.4 min
[botrr] 604/1224 botrr:aggressive_v2:setup_sweep b18: W/L/D 95/100/5 to 0 in 5.5s; elapsed 6.2 min, eta 6.3 min
[botrr] 605/1224 botrr:aggressive:aggressive_v2 b18: W/L/D 62/131/7 to 0 in 6.1s; elapsed 6.2 min, eta 6.3 min
[botrr] 606/1224 botrr:aggressive:setup_sweep_v2 b18: W/L/D 77/117/6 to 0 in 5.8s; elapsed 6.2 min, eta 6.3 min
[botrr] 607/1224 botrr:aggressive:setup_sweep b18: W/L/D 69/119/12 to 0 in 6.1s; elapsed 6.2 min, eta 6.3 min
[botrr] 608/1224 botrr:staller_v2:setup_sweep b18: W/L/D 75/117/8 to 0 in 6.8s; elapsed 6.2 min, eta 6.3 min
[botrr] 609/1224 botrr:staller_v2:aggressive_v2 b18: W/L/D 73/124/3 to 3 in 7.1s; elapsed 6.2 min, eta 6.2 min
[botrr] 610/1224 botrr:staller_v2:setup_sweep_v2 b18: W/L/D 68/130/2 to 0 in 7.3s; elapsed 6.2 min, eta 6.2 min
[botrr] 611/1224 botrr:aggressive_v2:setup_sweep_v2 b18: W/L/D 90/108/2 to 0 in 6.5s; elapsed 6.2 min, eta 6.2 min
[botrr] 612/1224 botrr:setup_sweep:setup_sweep_v2 b18: W/L/D 88/103/9 to 0 in 6.2s; elapsed 6.2 min, eta 6.2 min
[botrr] 613/1224 botrr:random:heuristic b19: W/L/D 3/197/0 to 0 in 6.1s; elapsed 6.2 min, eta 6.2 min
[botrr] 614/1224 botrr:random:heuristic2 b19: W/L/D 4/196/0 to 0 in 6.5s; elapsed 6.2 min, eta 6.2 min
[botrr] 615/1224 botrr:random:staller b19: W/L/D 3/196/1 to 0 in 6.2s; elapsed 6.3 min, eta 6.2 min
[botrr] 616/1224 botrr:random:setup_sweep_v2 b19: W/L/D 1/198/1 to 0 in 5.7s; elapsed 6.3 min, eta 6.2 min
[botrr] 617/1224 botrr:random:aggressive b19: W/L/D 7/192/1 to 0 in 6.6s; elapsed 6.3 min, eta 6.2 min
[botrr] 618/1224 botrr:random:aggressive_v2 b19: W/L/D 6/193/1 to 0 in 6.8s; elapsed 6.3 min, eta 6.2 min
[botrr] 619/1224 botrr:heuristic:staller b19: W/L/D 98/90/12 to 0 in 5.8s; elapsed 6.3 min, eta 6.2 min
[botrr] 620/1224 botrr:random:setup_sweep b19: W/L/D 4/195/1 to 0 in 6.8s; elapsed 6.3 min, eta 6.1 min
[botrr] 621/1224 botrr:heuristic:aggressive b19: W/L/D 122/68/10 to 0 in 5.5s; elapsed 6.3 min, eta 6.1 min
[botrr] 622/1224 botrr:random:staller_v2 b19: W/L/D 12/188/0 to 0 in 7.4s; elapsed 6.3 min, eta 6.1 min
[botrr] 623/1224 botrr:heuristic:heuristic2 b19: W/L/D 92/103/5 to 1 in 7.0s; elapsed 6.3 min, eta 6.1 min
[botrr] 624/1224 botrr:heuristic:staller_v2 b19: W/L/D 110/83/7 to 0 in 6.4s; elapsed 6.3 min, eta 6.1 min
[botrr] 625/1224 botrr:heuristic:setup_sweep b19: W/L/D 84/104/12 to 0 in 5.7s; elapsed 6.3 min, eta 6.1 min
[botrr] 626/1224 botrr:heuristic:aggressive_v2 b19: W/L/D 87/108/5 to 0 in 6.7s; elapsed 6.3 min, eta 6.0 min
[botrr] 627/1224 botrr:heuristic:setup_sweep_v2 b19: W/L/D 80/109/11 to 0 in 6.5s; elapsed 6.4 min, eta 6.1 min
[botrr] 628/1224 botrr:heuristic2:aggressive b19: W/L/D 114/74/12 to 0 in 5.6s; elapsed 6.4 min, eta 6.1 min
[botrr] 629/1224 botrr:heuristic2:setup_sweep b19: W/L/D 104/91/5 to 0 in 5.9s; elapsed 6.4 min, eta 6.1 min
[botrr] 630/1224 botrr:heuristic2:staller b19: W/L/D 120/74/6 to 1 in 7.5s; elapsed 6.4 min, eta 6.0 min
[botrr] 631/1224 botrr:heuristic2:staller_v2 b19: W/L/D 133/67/0 to 0 in 7.1s; elapsed 6.4 min, eta 6.0 min
[botrr] 632/1224 botrr:heuristic2:setup_sweep_v2 b19: W/L/D 101/96/3 to 0 in 6.7s; elapsed 6.4 min, eta 6.0 min
[botrr] 633/1224 botrr:staller:aggressive b19: W/L/D 100/90/10 to 1 in 6.6s; elapsed 6.4 min, eta 6.0 min
[botrr] 634/1224 botrr:heuristic2:aggressive_v2 b19: W/L/D 102/93/5 to 0 in 7.0s; elapsed 6.4 min, eta 6.0 min
[botrr] 635/1224 botrr:staller:setup_sweep b19: W/L/D 84/110/6 to 0 in 6.6s; elapsed 6.4 min, eta 6.0 min
[botrr] 636/1224 botrr:staller:aggressive_v2 b19: W/L/D 77/116/7 to 0 in 6.8s; elapsed 6.4 min, eta 5.9 min
[botrr] 637/1224 botrr:staller:staller_v2 b19: W/L/D 101/93/6 to 0 in 8.0s; elapsed 6.4 min, eta 5.9 min
[botrr] 638/1224 botrr:staller:setup_sweep_v2 b19: W/L/D 76/117/7 to 0 in 7.0s; elapsed 6.4 min, eta 5.9 min
[botrr] 639/1224 botrr:aggressive:setup_sweep b19: W/L/D 71/119/10 to 0 in 5.0s; elapsed 6.5 min, eta 5.9 min
[botrr] 640/1224 botrr:staller_v2:aggressive b19: W/L/D 108/88/4 to 0 in 6.9s; elapsed 6.5 min, eta 5.9 min
[botrr] 641/1224 botrr:aggressive:setup_sweep_v2 b19: W/L/D 76/120/4 to 0 in 5.2s; elapsed 6.5 min, eta 5.9 min
[botrr] 642/1224 botrr:aggressive_v2:setup_sweep b19: W/L/D 112/83/5 to 0 in 5.3s; elapsed 6.5 min, eta 5.9 min
[botrr] 643/1224 botrr:staller_v2:aggressive_v2 b19: W/L/D 76/122/2 to 1 in 7.0s; elapsed 6.5 min, eta 5.9 min
[botrr] 644/1224 botrr:staller_v2:setup_sweep b19: W/L/D 69/127/4 to 0 in 6.8s; elapsed 6.5 min, eta 5.9 min
[botrr] 645/1224 botrr:aggressive:aggressive_v2 b19: W/L/D 70/125/5 to 0 in 6.0s; elapsed 6.5 min, eta 5.8 min
[botrr] 646/1224 botrr:staller_v2:setup_sweep_v2 b19: W/L/D 64/132/4 to 1 in 7.2s; elapsed 6.5 min, eta 5.8 min
[botrr] 647/1224 botrr:aggressive_v2:setup_sweep_v2 b19: W/L/D 93/105/2 to 0 in 6.2s; elapsed 6.5 min, eta 5.8 min
[botrr] 648/1224 botrr:setup_sweep:setup_sweep_v2 b19: W/L/D 102/91/7 to 0 in 6.5s; elapsed 6.5 min, eta 5.8 min
[botrr] 649/1224 botrr:random:heuristic2 b20: W/L/D 6/194/0 to 0 in 5.9s; elapsed 6.5 min, eta 5.8 min
[botrr] 650/1224 botrr:random:heuristic b20: W/L/D 4/192/4 to 1 in 6.2s; elapsed 6.5 min, eta 5.8 min
[botrr] 651/1224 botrr:random:setup_sweep b20: W/L/D 7/193/0 to 0 in 5.8s; elapsed 6.6 min, eta 5.8 min
[botrr] 652/1224 botrr:random:staller_v2 b20: W/L/D 12/187/1 to 1 in 6.4s; elapsed 6.6 min, eta 5.8 min
[botrr] 653/1224 botrr:random:aggressive b20: W/L/D 6/192/2 to 0 in 6.5s; elapsed 6.6 min, eta 5.8 min
[botrr] 654/1224 botrr:random:setup_sweep_v2 b20: W/L/D 6/194/0 to 0 in 5.9s; elapsed 6.6 min, eta 5.8 min
[botrr] 655/1224 botrr:heuristic:heuristic2 b20: W/L/D 82/110/8 to 0 in 6.1s; elapsed 6.6 min, eta 5.7 min
[botrr] 656/1224 botrr:random:staller b20: W/L/D 2/196/2 to 0 in 7.2s; elapsed 6.6 min, eta 5.7 min
[botrr] 657/1224 botrr:random:aggressive_v2 b20: W/L/D 6/194/0 to 0 in 7.1s; elapsed 6.6 min, eta 5.7 min
[botrr] 658/1224 botrr:heuristic:aggressive b20: W/L/D 116/76/8 to 0 in 5.1s; elapsed 6.6 min, eta 5.7 min
[botrr] 659/1224 botrr:heuristic:staller b20: W/L/D 104/90/6 to 0 in 7.2s; elapsed 6.6 min, eta 5.7 min
[botrr] 660/1224 botrr:heuristic:setup_sweep b20: W/L/D 83/102/15 to 0 in 6.6s; elapsed 6.7 min, eta 5.7 min
[botrr] 661/1224 botrr:heuristic:aggressive_v2 b20: W/L/D 92/102/6 to 0 in 6.9s; elapsed 6.7 min, eta 5.7 min
[botrr] 662/1224 botrr:heuristic:staller_v2 b20: W/L/D 110/85/5 to 0 in 7.4s; elapsed 6.7 min, eta 5.6 min
[botrr] 663/1224 botrr:heuristic:setup_sweep_v2 b20: W/L/D 86/106/8 to 0 in 6.7s; elapsed 6.7 min, eta 5.7 min
[botrr] 664/1224 botrr:heuristic2:aggressive b20: W/L/D 124/72/4 to 0 in 6.6s; elapsed 6.7 min, eta 5.7 min
[botrr] 665/1224 botrr:heuristic2:setup_sweep_v2 b20: W/L/D 100/95/5 to 0 in 6.0s; elapsed 6.7 min, eta 5.7 min
[botrr] 666/1224 botrr:heuristic2:staller b20: W/L/D 131/64/5 to 1 in 7.0s; elapsed 6.7 min, eta 5.6 min
[botrr] 667/1224 botrr:heuristic2:aggressive_v2 b20: W/L/D 108/92/0 to 0 in 6.6s; elapsed 6.7 min, eta 5.6 min
[botrr] 668/1224 botrr:heuristic2:staller_v2 b20: W/L/D 138/62/0 to 0 in 7.5s; elapsed 6.7 min, eta 5.6 min
[botrr] 669/1224 botrr:staller:aggressive b20: W/L/D 110/81/9 to 0 in 5.3s; elapsed 6.7 min, eta 5.6 min
[botrr] 670/1224 botrr:heuristic2:setup_sweep b20: W/L/D 102/96/2 to 0 in 7.2s; elapsed 6.7 min, eta 5.6 min
[botrr] 671/1224 botrr:staller:aggressive_v2 b20: W/L/D 67/126/7 to 0 in 5.8s; elapsed 6.7 min, eta 5.6 min
[botrr] 672/1224 botrr:staller:setup_sweep_v2 b20: W/L/D 82/111/7 to 0 in 5.7s; elapsed 6.8 min, eta 5.5 min
[botrr] 673/1224 botrr:staller:setup_sweep b20: W/L/D 79/114/7 to 0 in 5.9s; elapsed 6.8 min, eta 5.5 min
[botrr] 674/1224 botrr:staller:staller_v2 b20: W/L/D 92/102/6 to 1 in 8.1s; elapsed 6.8 min, eta 5.5 min
[botrr] 675/1224 botrr:aggressive:aggressive_v2 b20: W/L/D 71/121/8 to 0 in 5.2s; elapsed 6.8 min, eta 5.5 min
[botrr] 676/1224 botrr:aggressive:setup_sweep b20: W/L/D 71/119/10 to 0 in 5.2s; elapsed 6.8 min, eta 5.5 min
[botrr] 677/1224 botrr:aggressive_v2:setup_sweep b20: W/L/D 98/98/4 to 0 in 5.4s; elapsed 6.8 min, eta 5.5 min
[botrr] 678/1224 botrr:staller_v2:aggressive b20: W/L/D 101/96/3 to 0 in 6.8s; elapsed 6.8 min, eta 5.5 min
[botrr] 679/1224 botrr:staller_v2:setup_sweep b20: W/L/D 84/115/1 to 0 in 7.0s; elapsed 6.8 min, eta 5.5 min
[botrr] 680/1224 botrr:aggressive:setup_sweep_v2 b20: W/L/D 84/107/9 to 0 in 6.2s; elapsed 6.8 min, eta 5.5 min
[botrr] 681/1224 botrr:aggressive_v2:setup_sweep_v2 b20: W/L/D 91/102/7 to 0 in 5.6s; elapsed 6.8 min, eta 5.5 min
[botrr] 682/1224 botrr:staller_v2:aggressive_v2 b20: W/L/D 68/130/2 to 0 in 7.4s; elapsed 6.8 min, eta 5.4 min
[botrr] 683/1224 botrr:staller_v2:setup_sweep_v2 b20: W/L/D 81/117/2 to 1 in 7.3s; elapsed 6.8 min, eta 5.4 min
[botrr] 684/1224 botrr:setup_sweep:setup_sweep_v2 b20: W/L/D 89/103/8 to 0 in 6.4s; elapsed 6.9 min, eta 5.4 min
[botrr] 685/1224 botrr:random:heuristic2 b21: W/L/D 5/194/1 to 0 in 6.2s; elapsed 6.9 min, eta 5.4 min
[botrr] 686/1224 botrr:random:heuristic b21: W/L/D 1/197/2 to 0 in 6.8s; elapsed 6.9 min, eta 5.4 min
[botrr] 687/1224 botrr:random:staller b21: W/L/D 6/194/0 to 0 in 7.0s; elapsed 6.9 min, eta 5.4 min
[botrr] 688/1224 botrr:random:aggressive_v2 b21: W/L/D 4/195/1 to 1 in 6.2s; elapsed 6.9 min, eta 5.4 min
[botrr] 689/1224 botrr:random:setup_sweep b21: W/L/D 3/197/0 to 0 in 5.8s; elapsed 6.9 min, eta 5.4 min
[botrr] 690/1224 botrr:random:setup_sweep_v2 b21: W/L/D 2/198/0 to 0 in 5.9s; elapsed 6.9 min, eta 5.4 min
[botrr] 691/1224 botrr:random:aggressive b21: W/L/D 8/191/1 to 0 in 6.6s; elapsed 6.9 min, eta 5.4 min
[botrr] 692/1224 botrr:random:staller_v2 b21: W/L/D 18/182/0 to 0 in 7.2s; elapsed 6.9 min, eta 5.3 min
[botrr] 693/1224 botrr:heuristic:staller b21: W/L/D 105/83/12 to 1 in 6.2s; elapsed 6.9 min, eta 5.3 min
[botrr] 694/1224 botrr:heuristic:aggressive b21: W/L/D 114/76/10 to 0 in 5.4s; elapsed 6.9 min, eta 5.3 min
[botrr] 695/1224 botrr:heuristic:heuristic2 b21: W/L/D 83/115/2 to 0 in 6.8s; elapsed 7.0 min, eta 5.3 min
[botrr] 696/1224 botrr:heuristic:staller_v2 b21: W/L/D 119/74/7 to 1 in 6.7s; elapsed 7.0 min, eta 5.3 min
[botrr] 697/1224 botrr:heuristic:setup_sweep b21: W/L/D 91/93/16 to 0 in 5.9s; elapsed 7.0 min, eta 5.3 min
[botrr] 698/1224 botrr:heuristic:aggressive_v2 b21: W/L/D 93/100/7 to 0 in 6.6s; elapsed 7.0 min, eta 5.3 min
[botrr] 699/1224 botrr:heuristic:setup_sweep_v2 b21: W/L/D 76/117/7 to 0 in 5.7s; elapsed 7.0 min, eta 5.3 min
[botrr] 700/1224 botrr:heuristic2:aggressive_v2 b21: W/L/D 109/88/3 to 0 in 6.0s; elapsed 7.0 min, eta 5.3 min
[botrr] 701/1224 botrr:heuristic2:setup_sweep b21: W/L/D 87/106/7 to 0 in 5.9s; elapsed 7.0 min, eta 5.3 min
[botrr] 702/1224 botrr:staller:aggressive b21: W/L/D 112/76/12 to 0 in 5.3s; elapsed 7.0 min, eta 5.2 min
[botrr] 703/1224 botrr:heuristic2:staller b21: W/L/D 117/74/9 to 1 in 7.1s; elapsed 7.1 min, eta 5.2 min
[botrr] 704/1224 botrr:heuristic2:aggressive b21: W/L/D 126/63/11 to 2 in 6.8s; elapsed 7.1 min, eta 5.2 min
[botrr] 705/1224 botrr:heuristic2:staller_v2 b21: W/L/D 124/75/1 to 0 in 7.5s; elapsed 7.1 min, eta 5.2 min
[botrr] 706/1224 botrr:staller:setup_sweep_v2 b21: W/L/D 66/121/13 to 0 in 5.6s; elapsed 7.1 min, eta 5.2 min
[botrr] 707/1224 botrr:heuristic2:setup_sweep_v2 b21: W/L/D 108/85/7 to 1 in 7.2s; elapsed 7.1 min, eta 5.2 min
[botrr] 708/1224 botrr:staller:aggressive_v2 b21: W/L/D 74/120/6 to 0 in 6.6s; elapsed 7.1 min, eta 5.2 min
[botrr] 709/1224 botrr:staller:staller_v2 b21: W/L/D 103/90/7 to 1 in 7.4s; elapsed 7.1 min, eta 5.1 min
[botrr] 710/1224 botrr:staller:setup_sweep b21: W/L/D 74/108/18 to 0 in 6.6s; elapsed 7.1 min, eta 5.1 min
[botrr] 711/1224 botrr:staller_v2:aggressive b21: W/L/D 107/91/2 to 0 in 6.9s; elapsed 7.1 min, eta 5.2 min
[botrr] 712/1224 botrr:aggressive:setup_sweep b21: W/L/D 75/113/12 to 0 in 5.3s; elapsed 7.1 min, eta 5.1 min
[botrr] 713/1224 botrr:aggressive:setup_sweep_v2 b21: W/L/D 69/126/5 to 0 in 5.2s; elapsed 7.2 min, eta 5.1 min
[botrr] 714/1224 botrr:setup_sweep:setup_sweep_v2 b21: W/L/D 88/103/9 to 0 in 5.3s; elapsed 7.2 min, eta 5.1 min
[botrr] 715/1224 botrr:aggressive:aggressive_v2 b21: W/L/D 66/124/10 to 0 in 6.3s; elapsed 7.2 min, eta 5.1 min
[botrr] 716/1224 botrr:aggressive_v2:setup_sweep_v2 b21: W/L/D 102/95/3 to 0 in 5.6s; elapsed 7.2 min, eta 5.1 min
[botrr] 717/1224 botrr:staller_v2:aggressive_v2 b21: W/L/D 64/133/3 to 0 in 7.3s; elapsed 7.2 min, eta 5.1 min
[botrr] 718/1224 botrr:staller_v2:setup_sweep b21: W/L/D 78/115/7 to 0 in 7.2s; elapsed 7.2 min, eta 5.1 min
[botrr] 719/1224 botrr:staller_v2:setup_sweep_v2 b21: W/L/D 73/125/2 to 0 in 7.5s; elapsed 7.2 min, eta 5.0 min
[botrr] 720/1224 botrr:aggressive_v2:setup_sweep b21: W/L/D 102/95/3 to 0 in 6.6s; elapsed 7.2 min, eta 5.0 min
[botrr] 721/1224 botrr:random:heuristic2 b22: W/L/D 3/197/0 to 0 in 6.1s; elapsed 7.2 min, eta 5.0 min
[botrr] 722/1224 botrr:random:heuristic b22: W/L/D 1/198/1 to 0 in 7.1s; elapsed 7.2 min, eta 5.0 min
[botrr] 723/1224 botrr:random:setup_sweep b22: W/L/D 2/197/1 to 0 in 6.0s; elapsed 7.3 min, eta 5.0 min
[botrr] 724/1224 botrr:random:aggressive b22: W/L/D 9/189/2 to 0 in 6.6s; elapsed 7.3 min, eta 5.0 min
[botrr] 725/1224 botrr:random:staller_v2 b22: W/L/D 9/191/0 to 0 in 7.2s; elapsed 7.3 min, eta 5.0 min
[botrr] 726/1224 botrr:heuristic:heuristic2 b22: W/L/D 76/123/1 to 0 in 6.1s; elapsed 7.3 min, eta 5.0 min
[botrr] 727/1224 botrr:heuristic:aggressive b22: W/L/D 111/82/7 to 0 in 5.4s; elapsed 7.3 min, eta 5.0 min
[botrr] 728/1224 botrr:random:staller b22: W/L/D 6/193/1 to 0 in 7.6s; elapsed 7.3 min, eta 5.0 min
[botrr] 729/1224 botrr:random:aggressive_v2 b22: W/L/D 5/195/0 to 0 in 7.1s; elapsed 7.3 min, eta 4.9 min
[botrr] 730/1224 botrr:random:setup_sweep_v2 b22: W/L/D 2/197/1 to 0 in 6.9s; elapsed 7.3 min, eta 4.9 min
[botrr] 731/1224 botrr:heuristic:staller b22: W/L/D 102/87/11 to 0 in 7.0s; elapsed 7.3 min, eta 4.9 min
[botrr] 732/1224 botrr:heuristic:setup_sweep b22: W/L/D 95/94/11 to 0 in 5.7s; elapsed 7.3 min, eta 4.9 min
[botrr] 733/1224 botrr:heuristic:aggressive_v2 b22: W/L/D 94/102/4 to 0 in 6.4s; elapsed 7.3 min, eta 4.9 min
[botrr] 734/1224 botrr:heuristic:staller_v2 b22: W/L/D 128/69/3 to 0 in 7.7s; elapsed 7.3 min, eta 4.9 min
[botrr] 735/1224 botrr:heuristic2:aggressive b22: W/L/D 129/67/4 to 0 in 5.5s; elapsed 7.4 min, eta 4.9 min
[botrr] 736/1224 botrr:heuristic2:setup_sweep b22: W/L/D 107/88/5 to 0 in 5.9s; elapsed 7.4 min, eta 4.9 min
[botrr] 737/1224 botrr:heuristic:setup_sweep_v2 b22: W/L/D 90/105/5 to 0 in 6.5s; elapsed 7.4 min, eta 4.9 min
[botrr] 738/1224 botrr:staller:aggressive b22: W/L/D 106/82/12 to 0 in 5.9s; elapsed 7.4 min, eta 4.9 min
[botrr] 739/1224 botrr:heuristic2:setup_sweep_v2 b22: W/L/D 107/90/3 to 0 in 6.2s; elapsed 7.4 min, eta 4.8 min
[botrr] 740/1224 botrr:heuristic2:staller b22: W/L/D 123/73/4 to 0 in 7.2s; elapsed 7.4 min, eta 4.8 min
[botrr] 741/1224 botrr:staller:staller_v2 b22: W/L/D 90/106/4 to 0 in 6.2s; elapsed 7.4 min, eta 4.8 min
[botrr] 742/1224 botrr:heuristic2:aggressive_v2 b22: W/L/D 94/104/2 to 0 in 7.1s; elapsed 7.4 min, eta 4.8 min
[botrr] 743/1224 botrr:staller:setup_sweep b22: W/L/D 87/101/12 to 1 in 6.0s; elapsed 7.4 min, eta 4.8 min
[botrr] 744/1224 botrr:staller:setup_sweep_v2 b22: W/L/D 80/113/7 to 0 in 5.7s; elapsed 7.4 min, eta 4.8 min
[botrr] 745/1224 botrr:staller:aggressive_v2 b22: W/L/D 60/130/10 to 0 in 6.5s; elapsed 7.4 min, eta 4.8 min
[botrr] 746/1224 botrr:heuristic2:staller_v2 b22: W/L/D 124/73/3 to 2 in 8.3s; elapsed 7.4 min, eta 4.7 min
[botrr] 747/1224 botrr:aggressive:setup_sweep b22: W/L/D 77/113/10 to 0 in 5.0s; elapsed 7.5 min, eta 4.8 min
[botrr] 748/1224 botrr:aggressive:setup_sweep_v2 b22: W/L/D 76/120/4 to 0 in 5.2s; elapsed 7.5 min, eta 4.8 min
[botrr] 749/1224 botrr:staller_v2:aggressive_v2 b22: W/L/D 70/127/3 to 1 in 6.4s; elapsed 7.5 min, eta 4.7 min
[botrr] 750/1224 botrr:staller_v2:aggressive b22: W/L/D 109/89/2 to 0 in 7.1s; elapsed 7.5 min, eta 4.7 min
[botrr] 751/1224 botrr:aggressive_v2:setup_sweep b22: W/L/D 101/90/9 to 0 in 5.6s; elapsed 7.5 min, eta 4.7 min
[botrr] 752/1224 botrr:aggressive:aggressive_v2 b22: W/L/D 81/109/10 to 0 in 6.2s; elapsed 7.5 min, eta 4.7 min
[botrr] 753/1224 botrr:setup_sweep:setup_sweep_v2 b22: W/L/D 91/102/7 to 0 in 5.6s; elapsed 7.5 min, eta 4.7 min
[botrr] 754/1224 botrr:staller_v2:setup_sweep b22: W/L/D 80/120/0 to 0 in 7.2s; elapsed 7.5 min, eta 4.7 min
[botrr] 755/1224 botrr:aggressive_v2:setup_sweep_v2 b22: W/L/D 93/105/2 to 0 in 6.4s; elapsed 7.5 min, eta 4.7 min
[botrr] 756/1224 botrr:staller_v2:setup_sweep_v2 b22: W/L/D 67/132/1 to 0 in 7.0s; elapsed 7.5 min, eta 4.6 min
[botrr] 757/1224 botrr:random:heuristic2 b23: W/L/D 2/198/0 to 0 in 6.1s; elapsed 7.5 min, eta 4.6 min
[botrr] 758/1224 botrr:random:heuristic b23: W/L/D 6/194/0 to 0 in 7.0s; elapsed 7.5 min, eta 4.6 min
[botrr] 759/1224 botrr:random:aggressive_v2 b23: W/L/D 3/196/1 to 0 in 6.1s; elapsed 7.6 min, eta 4.6 min
[botrr] 760/1224 botrr:random:setup_sweep_v2 b23: W/L/D 6/194/0 to 0 in 6.1s; elapsed 7.6 min, eta 4.6 min
[botrr] 761/1224 botrr:heuristic:aggressive b23: W/L/D 102/86/12 to 0 in 5.2s; elapsed 7.6 min, eta 4.6 min
[botrr] 762/1224 botrr:random:aggressive b23: W/L/D 5/191/4 to 0 in 6.8s; elapsed 7.6 min, eta 4.6 min
[botrr] 763/1224 botrr:heuristic:staller b23: W/L/D 93/92/15 to 1 in 6.1s; elapsed 7.6 min, eta 4.6 min
[botrr] 764/1224 botrr:random:setup_sweep b23: W/L/D 6/193/1 to 1 in 7.1s; elapsed 7.6 min, eta 4.6 min
[botrr] 765/1224 botrr:random:staller b23: W/L/D 5/191/4 to 2 in 7.8s; elapsed 7.6 min, eta 4.6 min
[botrr] 766/1224 botrr:random:staller_v2 b23: W/L/D 6/192/2 to 2 in 7.9s; elapsed 7.6 min, eta 4.5 min
[botrr] 767/1224 botrr:heuristic:staller_v2 b23: W/L/D 118/76/6 to 0 in 6.5s; elapsed 7.6 min, eta 4.5 min
[botrr] 768/1224 botrr:heuristic:setup_sweep b23: W/L/D 99/94/7 to 0 in 5.6s; elapsed 7.6 min, eta 4.5 min
[botrr] 769/1224 botrr:heuristic:heuristic2 b23: W/L/D 90/107/3 to 0 in 7.5s; elapsed 7.6 min, eta 4.5 min
[botrr] 770/1224 botrr:heuristic:aggressive_v2 b23: W/L/D 74/119/7 to 0 in 6.6s; elapsed 7.6 min, eta 4.5 min
[botrr] 771/1224 botrr:heuristic2:aggressive b23: W/L/D 133/59/8 to 0 in 5.6s; elapsed 7.7 min, eta 4.5 min
[botrr] 772/1224 botrr:heuristic2:setup_sweep b23: W/L/D 108/84/8 to 0 in 5.7s; elapsed 7.7 min, eta 4.5 min
[botrr] 773/1224 botrr:heuristic:setup_sweep_v2 b23: W/L/D 75/118/7 to 0 in 6.9s; elapsed 7.7 min, eta 4.5 min
[botrr] 774/1224 botrr:heuristic2:setup_sweep_v2 b23: W/L/D 107/87/6 to 0 in 6.3s; elapsed 7.7 min, eta 4.5 min
[botrr] 775/1224 botrr:staller:aggressive b23: W/L/D 105/81/14 to 0 in 6.3s; elapsed 7.7 min, eta 4.5 min
[botrr] 776/1224 botrr:heuristic2:staller b23: W/L/D 118/76/6 to 1 in 7.3s; elapsed 7.7 min, eta 4.5 min
[botrr] 777/1224 botrr:staller:setup_sweep b23: W/L/D 72/115/13 to 0 in 5.9s; elapsed 7.7 min, eta 4.4 min
[botrr] 778/1224 botrr:heuristic2:aggressive_v2 b23: W/L/D 104/91/5 to 0 in 7.2s; elapsed 7.7 min, eta 4.4 min
[botrr] 779/1224 botrr:heuristic2:staller_v2 b23: W/L/D 134/65/1 to 0 in 7.6s; elapsed 7.7 min, eta 4.4 min
[botrr] 780/1224 botrr:staller:setup_sweep_v2 b23: W/L/D 82/110/8 to 0 in 6.0s; elapsed 7.7 min, eta 4.4 min
[botrr] 781/1224 botrr:staller:aggressive_v2 b23: W/L/D 70/123/7 to 0 in 6.9s; elapsed 7.7 min, eta 4.4 min
[botrr] 782/1224 botrr:staller:staller_v2 b23: W/L/D 95/99/6 to 3 in 8.0s; elapsed 7.7 min, eta 4.4 min
[botrr] 783/1224 botrr:aggressive:aggressive_v2 b23: W/L/D 68/125/7 to 0 in 5.1s; elapsed 7.8 min, eta 4.4 min
[botrr] 784/1224 botrr:staller_v2:setup_sweep b23: W/L/D 71/125/4 to 0 in 5.9s; elapsed 7.8 min, eta 4.4 min
[botrr] 785/1224 botrr:staller_v2:aggressive b23: W/L/D 102/93/5 to 0 in 7.0s; elapsed 7.8 min, eta 4.4 min
[botrr] 786/1224 botrr:aggressive_v2:setup_sweep_v2 b23: W/L/D 92/105/3 to 0 in 5.5s; elapsed 7.8 min, eta 4.4 min
[botrr] 787/1224 botrr:aggressive_v2:setup_sweep b23: W/L/D 99/89/12 to 0 in 5.8s; elapsed 7.8 min, eta 4.3 min
[botrr] 788/1224 botrr:aggressive:setup_sweep b23: W/L/D 67/125/8 to 0 in 6.1s; elapsed 7.8 min, eta 4.3 min
[botrr] 789/1224 botrr:staller_v2:aggressive_v2 b23: W/L/D 73/125/2 to 0 in 7.1s; elapsed 7.8 min, eta 4.3 min
[botrr] 790/1224 botrr:staller_v2:setup_sweep_v2 b23: W/L/D 58/139/3 to 0 in 7.1s; elapsed 7.8 min, eta 4.3 min
[botrr] 791/1224 botrr:aggressive:setup_sweep_v2 b23: W/L/D 76/117/7 to 0 in 6.7s; elapsed 7.8 min, eta 4.3 min
[botrr] 792/1224 botrr:setup_sweep:setup_sweep_v2 b23: W/L/D 84/103/13 to 0 in 6.4s; elapsed 7.8 min, eta 4.3 min
[botrr] 793/1224 botrr:random:heuristic b24: W/L/D 8/191/1 to 0 in 6.4s; elapsed 7.8 min, eta 4.3 min
[botrr] 794/1224 botrr:random:heuristic2 b24: W/L/D 5/195/0 to 0 in 6.0s; elapsed 7.8 min, eta 4.2 min
[botrr] 795/1224 botrr:random:setup_sweep_v2 b24: W/L/D 5/195/0 to 0 in 5.8s; elapsed 7.9 min, eta 4.3 min
[botrr] 796/1224 botrr:heuristic:aggressive b24: W/L/D 111/74/15 to 0 in 5.3s; elapsed 7.9 min, eta 4.3 min
[botrr] 797/1224 botrr:heuristic:heuristic2 b24: W/L/D 99/98/3 to 0 in 6.2s; elapsed 7.9 min, eta 4.2 min
[botrr] 798/1224 botrr:random:aggressive b24: W/L/D 8/189/3 to 0 in 7.0s; elapsed 7.9 min, eta 4.2 min
[botrr] 799/1224 botrr:random:staller b24: W/L/D 4/196/0 to 0 in 7.3s; elapsed 7.9 min, eta 4.2 min
[botrr] 800/1224 botrr:random:staller_v2 b24: W/L/D 14/186/0 to 0 in 7.5s; elapsed 7.9 min, eta 4.2 min
[botrr] 801/1224 botrr:random:aggressive_v2 b24: W/L/D 2/198/0 to 0 in 6.8s; elapsed 7.9 min, eta 4.2 min
[botrr] 802/1224 botrr:heuristic:staller b24: W/L/D 107/82/11 to 0 in 6.0s; elapsed 7.9 min, eta 4.2 min
[botrr] 803/1224 botrr:random:setup_sweep b24: W/L/D 4/196/0 to 0 in 6.8s; elapsed 7.9 min, eta 4.2 min
[botrr] 804/1224 botrr:heuristic:staller_v2 b24: W/L/D 116/82/2 to 1 in 6.4s; elapsed 7.9 min, eta 4.1 min
[botrr] 805/1224 botrr:heuristic:aggressive_v2 b24: W/L/D 87/107/6 to 0 in 6.6s; elapsed 7.9 min, eta 4.1 min
[botrr] 806/1224 botrr:heuristic:setup_sweep b24: W/L/D 88/100/12 to 0 in 6.8s; elapsed 8.0 min, eta 4.1 min
[botrr] 807/1224 botrr:heuristic2:aggressive b24: W/L/D 115/82/3 to 0 in 5.5s; elapsed 8.0 min, eta 4.1 min
[botrr] 808/1224 botrr:heuristic2:aggressive_v2 b24: W/L/D 99/99/2 to 0 in 5.9s; elapsed 8.0 min, eta 4.1 min
[botrr] 809/1224 botrr:heuristic2:setup_sweep b24: W/L/D 109/87/4 to 0 in 5.7s; elapsed 8.0 min, eta 4.1 min
[botrr] 810/1224 botrr:heuristic:setup_sweep_v2 b24: W/L/D 84/106/10 to 0 in 6.8s; elapsed 8.0 min, eta 4.1 min
[botrr] 811/1224 botrr:heuristic2:setup_sweep_v2 b24: W/L/D 96/101/3 to 0 in 6.1s; elapsed 8.0 min, eta 4.1 min
[botrr] 812/1224 botrr:heuristic2:staller b24: W/L/D 116/79/5 to 0 in 7.0s; elapsed 8.0 min, eta 4.1 min
[botrr] 813/1224 botrr:staller:setup_sweep b24: W/L/D 82/111/7 to 0 in 5.5s; elapsed 8.0 min, eta 4.1 min
[botrr] 814/1224 botrr:staller:aggressive b24: W/L/D 103/81/16 to 0 in 6.7s; elapsed 8.0 min, eta 4.0 min
[botrr] 815/1224 botrr:heuristic2:staller_v2 b24: W/L/D 124/71/5 to 0 in 7.4s; elapsed 8.0 min, eta 4.0 min
[botrr] 816/1224 botrr:staller:setup_sweep_v2 b24: W/L/D 73/118/9 to 0 in 5.4s; elapsed 8.0 min, eta 4.0 min
[botrr] 817/1224 botrr:staller:staller_v2 b24: W/L/D 99/95/6 to 1 in 7.3s; elapsed 8.0 min, eta 4.0 min
[botrr] 818/1224 botrr:staller:aggressive_v2 b24: W/L/D 75/120/5 to 0 in 7.4s; elapsed 8.1 min, eta 4.0 min
[botrr] 819/1224 botrr:staller_v2:aggressive b24: W/L/D 104/92/4 to 0 in 5.8s; elapsed 8.1 min, eta 4.0 min
[botrr] 820/1224 botrr:aggressive:setup_sweep b24: W/L/D 73/114/13 to 0 in 5.0s; elapsed 8.1 min, eta 4.0 min
[botrr] 821/1224 botrr:staller_v2:setup_sweep_v2 b24: W/L/D 78/120/2 to 0 in 6.3s; elapsed 8.1 min, eta 4.0 min
[botrr] 822/1224 botrr:staller_v2:aggressive_v2 b24: W/L/D 76/122/2 to 0 in 6.9s; elapsed 8.1 min, eta 4.0 min
[botrr] 823/1224 botrr:aggressive_v2:setup_sweep b24: W/L/D 106/86/8 to 0 in 5.7s; elapsed 8.1 min, eta 4.0 min
[botrr] 824/1224 botrr:aggressive_v2:setup_sweep_v2 b24: W/L/D 102/96/2 to 0 in 5.5s; elapsed 8.1 min, eta 4.0 min
[botrr] 825/1224 botrr:aggressive:aggressive_v2 b24: W/L/D 62/132/6 to 0 in 6.5s; elapsed 8.1 min, eta 3.9 min
[botrr] 826/1224 botrr:aggressive:setup_sweep_v2 b24: W/L/D 61/132/7 to 0 in 6.2s; elapsed 8.1 min, eta 3.9 min
[botrr] 827/1224 botrr:staller_v2:setup_sweep b24: W/L/D 89/110/1 to 0 in 7.2s; elapsed 8.1 min, eta 3.9 min
[botrr] 828/1224 botrr:setup_sweep:setup_sweep_v2 b24: W/L/D 80/114/6 to 0 in 5.8s; elapsed 8.1 min, eta 3.9 min
[botrr] 829/1224 botrr:random:heuristic2 b25: W/L/D 5/195/0 to 0 in 6.0s; elapsed 8.2 min, eta 3.9 min
[botrr] 830/1224 botrr:random:heuristic b25: W/L/D 2/198/0 to 0 in 7.4s; elapsed 8.2 min, eta 3.9 min
[botrr] 831/1224 botrr:heuristic:heuristic2 b25: W/L/D 91/105/4 to 0 in 6.1s; elapsed 8.2 min, eta 3.9 min
[botrr] 832/1224 botrr:random:aggressive b25: W/L/D 6/193/1 to 0 in 6.6s; elapsed 8.2 min, eta 3.9 min
[botrr] 833/1224 botrr:random:staller b25: W/L/D 11/189/0 to 0 in 8.0s; elapsed 8.2 min, eta 3.9 min
[botrr] 834/1224 botrr:random:staller_v2 b25: W/L/D 12/186/2 to 0 in 7.9s; elapsed 8.3 min, eta 3.9 min
[botrr] 835/1224 botrr:random:setup_sweep_v2 b25: W/L/D 6/194/0 to 0 in 6.9s; elapsed 8.3 min, eta 3.8 min
[botrr] 836/1224 botrr:heuristic:aggressive b25: W/L/D 112/79/9 to 0 in 6.7s; elapsed 8.3 min, eta 3.8 min
[botrr] 837/1224 botrr:heuristic:staller_v2 b25: W/L/D 110/84/6 to 1 in 6.7s; elapsed 8.3 min, eta 3.8 min
[botrr] 838/1224 botrr:random:setup_sweep b25: W/L/D 1/197/2 to 0 in 7.3s; elapsed 8.3 min, eta 3.8 min
[botrr] 839/1224 botrr:random:aggressive_v2 b25: W/L/D 1/198/1 to 1 in 7.5s; elapsed 8.3 min, eta 3.8 min
[botrr] 840/1224 botrr:heuristic:staller b25: W/L/D 111/81/8 to 0 in 7.3s; elapsed 8.3 min, eta 3.8 min
[botrr] 841/1224 botrr:heuristic:setup_sweep b25: W/L/D 99/94/7 to 0 in 5.6s; elapsed 8.3 min, eta 3.8 min
[botrr] 842/1224 botrr:heuristic:aggressive_v2 b25: W/L/D 91/106/3 to 0 in 7.1s; elapsed 8.3 min, eta 3.8 min
[botrr] 843/1224 botrr:heuristic2:staller b25: W/L/D 115/78/7 to 0 in 6.1s; elapsed 8.3 min, eta 3.8 min
[botrr] 844/1224 botrr:heuristic2:aggressive b25: W/L/D 134/63/3 to 0 in 5.9s; elapsed 8.4 min, eta 3.8 min
[botrr] 845/1224 botrr:heuristic2:setup_sweep b25: W/L/D 107/90/3 to 0 in 5.9s; elapsed 8.4 min, eta 3.7 min
[botrr] 846/1224 botrr:heuristic2:aggressive_v2 b25: W/L/D 105/89/6 to 1 in 6.0s; elapsed 8.4 min, eta 3.7 min
[botrr] 847/1224 botrr:heuristic:setup_sweep_v2 b25: W/L/D 85/110/5 to 0 in 6.8s; elapsed 8.4 min, eta 3.7 min
[botrr] 848/1224 botrr:staller:aggressive b25: W/L/D 93/92/15 to 1 in 5.7s; elapsed 8.4 min, eta 3.7 min
[botrr] 849/1224 botrr:staller:aggressive_v2 b25: W/L/D 65/128/7 to 0 in 6.0s; elapsed 8.4 min, eta 3.7 min
[botrr] 850/1224 botrr:staller:setup_sweep b25: W/L/D 85/105/10 to 0 in 5.7s; elapsed 8.4 min, eta 3.7 min
[botrr] 851/1224 botrr:staller:setup_sweep_v2 b25: W/L/D 79/118/3 to 0 in 5.4s; elapsed 8.4 min, eta 3.7 min
[botrr] 852/1224 botrr:heuristic2:staller_v2 b25: W/L/D 137/63/0 to 0 in 7.8s; elapsed 8.4 min, eta 3.7 min
[botrr] 853/1224 botrr:heuristic2:setup_sweep_v2 b25: W/L/D 96/100/4 to 0 in 7.5s; elapsed 8.4 min, eta 3.6 min
[botrr] 854/1224 botrr:staller:staller_v2 b25: W/L/D 97/97/6 to 0 in 7.6s; elapsed 8.4 min, eta 3.6 min
[botrr] 855/1224 botrr:aggressive:setup_sweep b25: W/L/D 59/124/17 to 0 in 5.0s; elapsed 8.4 min, eta 3.6 min
[botrr] 856/1224 botrr:aggressive:aggressive_v2 b25: W/L/D 57/132/11 to 0 in 5.5s; elapsed 8.4 min, eta 3.6 min
[botrr] 857/1224 botrr:setup_sweep:setup_sweep_v2 b25: W/L/D 81/110/9 to 0 in 5.5s; elapsed 8.5 min, eta 3.6 min
[botrr] 858/1224 botrr:aggressive:setup_sweep_v2 b25: W/L/D 74/121/5 to 0 in 6.4s; elapsed 8.5 min, eta 3.6 min
[botrr] 859/1224 botrr:staller_v2:aggressive b25: W/L/D 111/86/3 to 0 in 7.4s; elapsed 8.5 min, eta 3.6 min
[botrr] 860/1224 botrr:aggressive_v2:setup_sweep b25: W/L/D 95/98/7 to 0 in 6.5s; elapsed 8.5 min, eta 3.6 min
[botrr] 861/1224 botrr:staller_v2:setup_sweep b25: W/L/D 80/117/3 to 0 in 7.2s; elapsed 8.5 min, eta 3.6 min
[botrr] 862/1224 botrr:staller_v2:aggressive_v2 b25: W/L/D 79/119/2 to 0 in 7.3s; elapsed 8.5 min, eta 3.6 min
[botrr] 863/1224 botrr:staller_v2:setup_sweep_v2 b25: W/L/D 79/118/3 to 0 in 7.3s; elapsed 8.5 min, eta 3.5 min
[botrr] 864/1224 botrr:random:heuristic b26: W/L/D 1/199/0 to 0 in 6.0s; elapsed 8.5 min, eta 3.5 min
[botrr] 865/1224 botrr:aggressive_v2:setup_sweep_v2 b25: W/L/D 92/104/4 to 0 in 7.1s; elapsed 8.5 min, eta 3.5 min
[botrr] 866/1224 botrr:random:heuristic2 b26: W/L/D 9/191/0 to 0 in 6.4s; elapsed 8.5 min, eta 3.5 min
[botrr] 867/1224 botrr:random:setup_sweep_v2 b26: W/L/D 3/196/1 to 0 in 5.9s; elapsed 8.6 min, eta 3.5 min
[botrr] 868/1224 botrr:random:aggressive_v2 b26: W/L/D 3/197/0 to 0 in 6.3s; elapsed 8.6 min, eta 3.5 min
[botrr] 869/1224 botrr:heuristic:heuristic2 b26: W/L/D 71/120/9 to 0 in 5.9s; elapsed 8.6 min, eta 3.5 min
[botrr] 870/1224 botrr:random:staller b26: W/L/D 2/197/1 to 1 in 8.0s; elapsed 8.6 min, eta 3.5 min
[botrr] 871/1224 botrr:heuristic:staller b26: W/L/D 116/78/6 to 0 in 6.0s; elapsed 8.6 min, eta 3.5 min
[botrr] 872/1224 botrr:random:setup_sweep b26: W/L/D 2/196/2 to 1 in 6.4s; elapsed 8.6 min, eta 3.5 min
[botrr] 873/1224 botrr:random:staller_v2 b26: W/L/D 13/185/2 to 1 in 8.0s; elapsed 8.6 min, eta 3.5 min
[botrr] 874/1224 botrr:heuristic:staller_v2 b26: W/L/D 109/87/4 to 0 in 6.4s; elapsed 8.6 min, eta 3.4 min
[botrr] 875/1224 botrr:random:aggressive b26: W/L/D 6/193/1 to 0 in 7.0s; elapsed 8.6 min, eta 3.4 min
[botrr] 876/1224 botrr:heuristic:aggressive_v2 b26: W/L/D 86/106/8 to 0 in 5.9s; elapsed 8.6 min, eta 3.4 min
[botrr] 877/1224 botrr:heuristic:aggressive b26: W/L/D 112/75/13 to 0 in 6.7s; elapsed 8.6 min, eta 3.4 min
[botrr] 878/1224 botrr:heuristic:setup_sweep b26: W/L/D 87/106/7 to 0 in 6.9s; elapsed 8.6 min, eta 3.4 min
[botrr] 879/1224 botrr:heuristic2:setup_sweep_v2 b26: W/L/D 98/100/2 to 0 in 5.6s; elapsed 8.7 min, eta 3.4 min
[botrr] 880/1224 botrr:staller:aggressive b26: W/L/D 94/94/12 to 0 in 5.5s; elapsed 8.7 min, eta 3.4 min
[botrr] 881/1224 botrr:heuristic2:aggressive b26: W/L/D 124/73/3 to 0 in 6.7s; elapsed 8.7 min, eta 3.4 min
[botrr] 882/1224 botrr:heuristic:setup_sweep_v2 b26: W/L/D 86/111/3 to 0 in 7.0s; elapsed 8.7 min, eta 3.4 min
[botrr] 883/1224 botrr:heuristic2:setup_sweep b26: W/L/D 112/84/4 to 0 in 6.7s; elapsed 8.7 min, eta 3.4 min
[botrr] 884/1224 botrr:staller:setup_sweep b26: W/L/D 68/113/19 to 0 in 5.8s; elapsed 8.7 min, eta 3.3 min
[botrr] 885/1224 botrr:heuristic2:aggressive_v2 b26: W/L/D 100/95/5 to 1 in 7.1s; elapsed 8.7 min, eta 3.3 min
[botrr] 886/1224 botrr:heuristic2:staller b26: W/L/D 120/74/6 to 1 in 7.3s; elapsed 8.7 min, eta 3.3 min
[botrr] 887/1224 botrr:staller:aggressive_v2 b26: W/L/D 80/111/9 to 0 in 7.1s; elapsed 8.7 min, eta 3.3 min
[botrr] 888/1224 botrr:staller:setup_sweep_v2 b26: W/L/D 78/112/10 to 0 in 6.0s; elapsed 8.7 min, eta 3.3 min
[botrr] 889/1224 botrr:heuristic2:staller_v2 b26: W/L/D 139/57/4 to 3 in 8.1s; elapsed 8.7 min, eta 3.3 min
[botrr] 890/1224 botrr:staller:staller_v2 b26: W/L/D 99/98/3 to 0 in 8.1s; elapsed 8.7 min, eta 3.3 min
[botrr] 891/1224 botrr:aggressive:aggressive_v2 b26: W/L/D 74/120/6 to 0 in 5.3s; elapsed 8.8 min, eta 3.3 min
[botrr] 892/1224 botrr:aggressive:setup_sweep b26: W/L/D 69/120/11 to 0 in 5.2s; elapsed 8.8 min, eta 3.3 min
[botrr] 893/1224 botrr:staller_v2:setup_sweep b26: W/L/D 76/118/6 to 0 in 6.1s; elapsed 8.8 min, eta 3.3 min
[botrr] 894/1224 botrr:aggressive_v2:setup_sweep b26: W/L/D 103/89/8 to 0 in 5.6s; elapsed 8.8 min, eta 3.2 min
[botrr] 895/1224 botrr:staller_v2:setup_sweep_v2 b26: W/L/D 57/141/2 to 0 in 6.0s; elapsed 8.8 min, eta 3.2 min
[botrr] 896/1224 botrr:aggressive:setup_sweep_v2 b26: W/L/D 69/125/6 to 0 in 5.7s; elapsed 8.8 min, eta 3.2 min
[botrr] 897/1224 botrr:staller_v2:aggressive b26: W/L/D 101/89/10 to 2 in 7.2s; elapsed 8.8 min, eta 3.2 min
[botrr] 898/1224 botrr:aggressive_v2:setup_sweep_v2 b26: W/L/D 95/100/5 to 0 in 5.6s; elapsed 8.8 min, eta 3.2 min
[botrr] 899/1224 botrr:setup_sweep:setup_sweep_v2 b26: W/L/D 99/97/4 to 0 in 5.6s; elapsed 8.8 min, eta 3.2 min
[botrr] 900/1224 botrr:staller_v2:aggressive_v2 b26: W/L/D 70/130/0 to 0 in 7.5s; elapsed 8.8 min, eta 3.2 min
[botrr] 901/1224 botrr:random:heuristic b27: W/L/D 1/199/0 to 0 in 7.3s; elapsed 8.8 min, eta 3.2 min
[botrr] 902/1224 botrr:random:heuristic2 b27: W/L/D 5/195/0 to 0 in 7.1s; elapsed 8.8 min, eta 3.2 min
[botrr] 903/1224 botrr:random:aggressive_v2 b27: W/L/D 5/195/0 to 0 in 5.9s; elapsed 8.9 min, eta 3.2 min
[botrr] 904/1224 botrr:heuristic:aggressive b27: W/L/D 116/78/6 to 0 in 5.5s; elapsed 8.9 min, eta 3.1 min
[botrr] 905/1224 botrr:random:aggressive b27: W/L/D 5/193/2 to 0 in 6.7s; elapsed 8.9 min, eta 3.1 min
[botrr] 906/1224 botrr:random:setup_sweep b27: W/L/D 3/197/0 to 0 in 6.9s; elapsed 8.9 min, eta 3.1 min
[botrr] 907/1224 botrr:random:staller_v2 b27: W/L/D 14/186/0 to 0 in 7.5s; elapsed 8.9 min, eta 3.1 min
[botrr] 908/1224 botrr:random:staller b27: W/L/D 8/189/3 to 1 in 7.6s; elapsed 8.9 min, eta 3.1 min
[botrr] 909/1224 botrr:random:setup_sweep_v2 b27: W/L/D 5/194/1 to 1 in 7.1s; elapsed 8.9 min, eta 3.1 min
[botrr] 910/1224 botrr:heuristic:heuristic2 b27: W/L/D 69/127/4 to 0 in 7.1s; elapsed 8.9 min, eta 3.1 min
[botrr] 911/1224 botrr:heuristic:staller b27: W/L/D 112/80/8 to 0 in 7.4s; elapsed 8.9 min, eta 3.1 min
[botrr] 912/1224 botrr:heuristic:aggressive_v2 b27: W/L/D 103/94/3 to 0 in 5.5s; elapsed 8.9 min, eta 3.1 min
[botrr] 913/1224 botrr:heuristic:staller_v2 b27: W/L/D 108/87/5 to 1 in 7.7s; elapsed 8.9 min, eta 3.0 min
[botrr] 914/1224 botrr:heuristic:setup_sweep b27: W/L/D 91/98/11 to 0 in 6.0s; elapsed 8.9 min, eta 3.0 min
[botrr] 915/1224 botrr:heuristic2:staller b27: W/L/D 122/67/11 to 0 in 6.2s; elapsed 9.0 min, eta 3.0 min
[botrr] 916/1224 botrr:heuristic2:aggressive b27: W/L/D 130/65/5 to 0 in 5.7s; elapsed 9.0 min, eta 3.0 min
[botrr] 917/1224 botrr:heuristic:setup_sweep_v2 b27: W/L/D 89/105/6 to 0 in 7.1s; elapsed 9.0 min, eta 3.0 min
[botrr] 918/1224 botrr:heuristic2:aggressive_v2 b27: W/L/D 110/88/2 to 0 in 6.2s; elapsed 9.0 min, eta 3.0 min
[botrr] 919/1224 botrr:heuristic2:setup_sweep_v2 b27: W/L/D 102/94/4 to 0 in 6.1s; elapsed 9.0 min, eta 3.0 min
[botrr] 920/1224 botrr:heuristic2:staller_v2 b27: W/L/D 130/66/4 to 1 in 6.6s; elapsed 9.0 min, eta 3.0 min
[botrr] 921/1224 botrr:heuristic2:setup_sweep b27: W/L/D 97/100/3 to 0 in 6.7s; elapsed 9.0 min, eta 3.0 min
[botrr] 922/1224 botrr:staller:staller_v2 b27: W/L/D 103/89/8 to 0 in 6.5s; elapsed 9.0 min, eta 3.0 min
[botrr] 923/1224 botrr:staller:aggressive b27: W/L/D 108/84/8 to 0 in 6.0s; elapsed 9.0 min, eta 2.9 min
[botrr] 924/1224 botrr:staller:aggressive_v2 b27: W/L/D 73/119/8 to 0 in 6.0s; elapsed 9.0 min, eta 2.9 min
[botrr] 925/1224 botrr:staller:setup_sweep b27: W/L/D 80/113/7 to 0 in 7.2s; elapsed 9.1 min, eta 2.9 min
[botrr] 926/1224 botrr:staller:setup_sweep_v2 b27: W/L/D 73/116/11 to 0 in 7.2s; elapsed 9.1 min, eta 2.9 min
[botrr] 927/1224 botrr:aggressive:setup_sweep b27: W/L/D 68/118/14 to 0 in 6.7s; elapsed 9.1 min, eta 2.9 min
[botrr] 928/1224 botrr:aggressive:setup_sweep_v2 b27: W/L/D 62/129/9 to 0 in 6.9s; elapsed 9.1 min, eta 2.9 min
[botrr] 929/1224 botrr:staller_v2:setup_sweep b27: W/L/D 68/129/3 to 0 in 8.2s; elapsed 9.1 min, eta 2.9 min
[botrr] 930/1224 botrr:staller_v2:aggressive b27: W/L/D 116/81/3 to 0 in 9.1s; elapsed 9.2 min, eta 2.9 min
[botrr] 931/1224 botrr:aggressive_v2:setup_sweep_v2 b27: W/L/D 107/89/4 to 1 in 7.8s; elapsed 9.2 min, eta 2.9 min
[botrr] 932/1224 botrr:aggressive:aggressive_v2 b27: W/L/D 70/118/12 to 0 in 8.5s; elapsed 9.2 min, eta 2.9 min
[botrr] 933/1224 botrr:staller_v2:aggressive_v2 b27: W/L/D 83/114/3 to 0 in 10.3s; elapsed 9.2 min, eta 2.9 min
[botrr] 934/1224 botrr:staller_v2:setup_sweep_v2 b27: W/L/D 75/124/1 to 0 in 9.8s; elapsed 9.2 min, eta 2.8 min
[botrr] 935/1224 botrr:aggressive_v2:setup_sweep b27: W/L/D 102/88/10 to 0 in 9.3s; elapsed 9.2 min, eta 2.8 min
[botrr] 936/1224 botrr:setup_sweep:setup_sweep_v2 b27: W/L/D 91/105/4 to 0 in 9.3s; elapsed 9.2 min, eta 2.8 min
[botrr] 937/1224 botrr:random:heuristic b28: W/L/D 4/195/1 to 1 in 9.5s; elapsed 9.2 min, eta 2.8 min
[botrr] 938/1224 botrr:random:heuristic2 b28: W/L/D 3/197/0 to 0 in 10.2s; elapsed 9.2 min, eta 2.8 min
[botrr] 939/1224 botrr:random:setup_sweep_v2 b28: W/L/D 5/194/1 to 1 in 9.7s; elapsed 9.3 min, eta 2.8 min
[botrr] 940/1224 botrr:heuristic:aggressive b28: W/L/D 118/72/10 to 0 in 8.6s; elapsed 9.3 min, eta 2.8 min
[botrr] 941/1224 botrr:random:staller b28: W/L/D 6/192/2 to 1 in 12.3s; elapsed 9.3 min, eta 2.8 min
[botrr] 942/1224 botrr:random:staller_v2 b28: W/L/D 18/181/1 to 1 in 12.0s; elapsed 9.3 min, eta 2.8 min
[botrr] 943/1224 botrr:random:aggressive b28: W/L/D 5/195/0 to 0 in 11.5s; elapsed 9.3 min, eta 2.8 min
[botrr] 944/1224 botrr:heuristic:heuristic2 b28: W/L/D 95/103/2 to 0 in 9.9s; elapsed 9.3 min, eta 2.8 min
[botrr] 945/1224 botrr:heuristic:staller b28: W/L/D 107/86/7 to 0 in 10.0s; elapsed 9.3 min, eta 2.8 min
[botrr] 946/1224 botrr:random:aggressive_v2 b28: W/L/D 6/194/0 to 0 in 11.6s; elapsed 9.3 min, eta 2.7 min
[botrr] 947/1224 botrr:random:setup_sweep b28: W/L/D 3/197/0 to 0 in 11.5s; elapsed 9.3 min, eta 2.7 min
[botrr] 948/1224 botrr:heuristic:staller_v2 b28: W/L/D 116/79/5 to 0 in 10.5s; elapsed 9.4 min, eta 2.7 min
[botrr] 949/1224 botrr:heuristic:aggressive_v2 b28: W/L/D 92/103/5 to 0 in 9.1s; elapsed 9.4 min, eta 2.7 min
[botrr] 950/1224 botrr:heuristic:setup_sweep b28: W/L/D 81/106/13 to 0 in 10.8s; elapsed 9.4 min, eta 2.7 min
[botrr] 951/1224 botrr:heuristic2:aggressive_v2 b28: W/L/D 97/100/3 to 1 in 8.9s; elapsed 9.5 min, eta 2.7 min
[botrr] 952/1224 botrr:heuristic2:aggressive b28: W/L/D 121/71/8 to 0 in 9.1s; elapsed 9.5 min, eta 2.7 min
[botrr] 953/1224 botrr:heuristic:setup_sweep_v2 b28: W/L/D 83/111/6 to 0 in 10.5s; elapsed 9.5 min, eta 2.7 min
[botrr] 954/1224 botrr:heuristic2:staller_v2 b28: W/L/D 142/58/0 to 0 in 10.8s; elapsed 9.5 min, eta 2.7 min
[botrr] 955/1224 botrr:heuristic2:staller b28: W/L/D 109/86/5 to 0 in 11.5s; elapsed 9.5 min, eta 2.7 min
[botrr] 956/1224 botrr:heuristic2:setup_sweep b28: W/L/D 102/94/4 to 0 in 10.6s; elapsed 9.5 min, eta 2.7 min
[botrr] 957/1224 botrr:heuristic2:setup_sweep_v2 b28: W/L/D 98/100/2 to 0 in 10.8s; elapsed 9.5 min, eta 2.7 min
[botrr] 958/1224 botrr:staller:staller_v2 b28: W/L/D 92/101/7 to 1 in 11.4s; elapsed 9.5 min, eta 2.7 min
[botrr] 959/1224 botrr:staller:aggressive b28: W/L/D 106/77/17 to 2 in 11.8s; elapsed 9.6 min, eta 2.6 min
[botrr] 960/1224 botrr:staller:aggressive_v2 b28: W/L/D 67/125/8 to 0 in 9.6s; elapsed 9.6 min, eta 2.6 min
[botrr] 961/1224 botrr:staller:setup_sweep_v2 b28: W/L/D 70/121/9 to 0 in 11.9s; elapsed 10.0 min, eta 2.7 min
[botrr] 962/1224 botrr:staller:setup_sweep b28: W/L/D 73/120/7 to 0 in 12.7s; elapsed 10.0 min, eta 2.7 min
[botrr] 963/1224 botrr:staller_v2:aggressive b28: W/L/D 104/88/8 to 0 in 9.8s; elapsed 10.1 min, eta 2.7 min
[botrr] 964/1224 botrr:staller_v2:aggressive_v2 b28: W/L/D 79/117/4 to 0 in 11.1s; elapsed 10.1 min, eta 2.7 min
[botrr] 965/1224 botrr:staller_v2:setup_sweep_v2 b28: W/L/D 68/129/3 to 1 in 10.6s; elapsed 10.1 min, eta 2.7 min
[botrr] 966/1224 botrr:staller_v2:setup_sweep b28: W/L/D 89/107/4 to 0 in 10.9s; elapsed 10.2 min, eta 2.7 min
[botrr] 967/1224 botrr:aggressive:aggressive_v2 b28: W/L/D 71/126/3 to 0 in 9.3s; elapsed 10.2 min, eta 2.7 min
[botrr] 968/1224 botrr:aggressive:setup_sweep b28: W/L/D 75/113/12 to 0 in 8.9s; elapsed 10.2 min, eta 2.7 min
[botrr] 969/1224 botrr:aggressive_v2:setup_sweep b28: W/L/D 95/100/5 to 0 in 9.9s; elapsed 10.2 min, eta 2.7 min
[botrr] 970/1224 botrr:aggressive:setup_sweep_v2 b28: W/L/D 60/133/7 to 0 in 9.6s; elapsed 10.2 min, eta 2.7 min
[botrr] 971/1224 botrr:aggressive_v2:setup_sweep_v2 b28: W/L/D 101/94/5 to 0 in 10.4s; elapsed 10.2 min, eta 2.7 min
[botrr] 972/1224 botrr:setup_sweep:setup_sweep_v2 b28: W/L/D 94/100/6 to 1 in 9.7s; elapsed 10.2 min, eta 2.6 min
[botrr] 973/1224 botrr:random:heuristic b29: W/L/D 1/197/2 to 1 in 10.8s; elapsed 10.2 min, eta 2.6 min
[botrr] 974/1224 botrr:random:heuristic2 b29: W/L/D 4/196/0 to 0 in 10.3s; elapsed 10.2 min, eta 2.6 min
[botrr] 975/1224 botrr:random:staller b29: W/L/D 3/196/1 to 0 in 11.2s; elapsed 10.3 min, eta 2.6 min
[botrr] 976/1224 botrr:random:aggressive b29: W/L/D 7/190/3 to 0 in 9.8s; elapsed 10.3 min, eta 2.6 min
[botrr] 977/1224 botrr:random:aggressive_v2 b29: W/L/D 2/197/1 to 1 in 9.6s; elapsed 10.3 min, eta 2.6 min
[botrr] 978/1224 botrr:random:staller_v2 b29: W/L/D 14/186/0 to 0 in 10.3s; elapsed 10.3 min, eta 2.6 min
[botrr] 979/1224 botrr:random:setup_sweep b29: W/L/D 6/192/2 to 0 in 10.0s; elapsed 10.3 min, eta 2.6 min
[botrr] 980/1224 botrr:random:setup_sweep_v2 b29: W/L/D 4/196/0 to 0 in 10.0s; elapsed 10.3 min, eta 2.6 min
[botrr] 981/1224 botrr:heuristic:heuristic2 b29: W/L/D 78/117/5 to 0 in 10.0s; elapsed 10.3 min, eta 2.6 min
[botrr] 982/1224 botrr:heuristic:aggressive b29: W/L/D 115/79/6 to 0 in 8.9s; elapsed 10.3 min, eta 2.5 min
[botrr] 983/1224 botrr:heuristic:staller b29: W/L/D 105/90/5 to 0 in 10.4s; elapsed 10.3 min, eta 2.5 min
[botrr] 984/1224 botrr:heuristic:staller_v2 b29: W/L/D 115/79/6 to 0 in 10.1s; elapsed 10.3 min, eta 2.5 min
[botrr] 985/1224 botrr:heuristic:aggressive_v2 b29: W/L/D 99/96/5 to 0 in 9.3s; elapsed 10.4 min, eta 2.5 min
[botrr] 986/1224 botrr:heuristic:setup_sweep b29: W/L/D 84/109/7 to 0 in 10.0s; elapsed 10.4 min, eta 2.5 min
[botrr] 987/1224 botrr:heuristic:setup_sweep_v2 b29: W/L/D 99/97/4 to 0 in 9.2s; elapsed 10.4 min, eta 2.5 min
[botrr] 988/1224 botrr:heuristic2:aggressive b29: W/L/D 137/58/5 to 0 in 8.7s; elapsed 10.5 min, eta 2.5 min
[botrr] 989/1224 botrr:heuristic2:staller b29: W/L/D 119/77/4 to 1 in 10.0s; elapsed 10.5 min, eta 2.5 min
[botrr] 990/1224 botrr:heuristic2:setup_sweep_v2 b29: W/L/D 103/95/2 to 0 in 9.1s; elapsed 10.5 min, eta 2.5 min
[botrr] 991/1224 botrr:heuristic2:aggressive_v2 b29: W/L/D 100/97/3 to 0 in 9.7s; elapsed 10.5 min, eta 2.5 min
[botrr] 992/1224 botrr:heuristic2:setup_sweep b29: W/L/D 109/88/3 to 0 in 9.7s; elapsed 10.5 min, eta 2.5 min
[botrr] 993/1224 botrr:heuristic2:staller_v2 b29: W/L/D 130/68/2 to 0 in 10.8s; elapsed 10.5 min, eta 2.4 min
[botrr] 994/1224 botrr:staller:aggressive b29: W/L/D 108/79/13 to 3 in 9.4s; elapsed 10.5 min, eta 2.4 min
[botrr] 995/1224 botrr:staller:aggressive_v2 b29: W/L/D 71/117/12 to 2 in 10.7s; elapsed 10.5 min, eta 2.4 min
[botrr] 996/1224 botrr:staller:staller_v2 b29: W/L/D 95/97/8 to 1 in 12.1s; elapsed 10.5 min, eta 2.4 min
[botrr] 997/1224 botrr:staller:setup_sweep b29: W/L/D 88/104/8 to 0 in 9.6s; elapsed 10.5 min, eta 2.4 min
[botrr] 998/1224 botrr:staller:setup_sweep_v2 b29: W/L/D 84/107/9 to 0 in 10.1s; elapsed 10.6 min, eta 2.4 min
[botrr] 999/1224 botrr:aggressive:setup_sweep b29: W/L/D 71/120/9 to 0 in 7.9s; elapsed 10.6 min, eta 2.4 min
[botrr] 1000/1224 botrr:aggressive:aggressive_v2 b29: W/L/D 53/139/8 to 0 in 8.3s; elapsed 10.6 min, eta 2.4 min
[botrr] 1001/1224 botrr:staller_v2:aggressive_v2 b29: W/L/D 67/131/2 to 1 in 10.4s; elapsed 10.6 min, eta 2.4 min
[botrr] 1002/1224 botrr:staller_v2:setup_sweep_v2 b29: W/L/D 81/117/2 to 0 in 9.5s; elapsed 10.6 min, eta 2.4 min
[botrr] 1003/1224 botrr:staller_v2:aggressive b29: W/L/D 91/99/10 to 2 in 11.3s; elapsed 10.6 min, eta 2.3 min
[botrr] 1004/1224 botrr:aggressive:setup_sweep_v2 b29: W/L/D 70/121/9 to 0 in 8.8s; elapsed 10.6 min, eta 2.3 min
[botrr] 1005/1224 botrr:staller_v2:setup_sweep b29: W/L/D 76/118/6 to 1 in 9.9s; elapsed 10.6 min, eta 2.3 min
[botrr] 1006/1224 botrr:aggressive_v2:setup_sweep b29: W/L/D 108/87/5 to 0 in 9.8s; elapsed 10.7 min, eta 2.3 min
[botrr] 1007/1224 botrr:aggressive_v2:setup_sweep_v2 b29: W/L/D 96/98/6 to 0 in 8.5s; elapsed 10.7 min, eta 2.3 min
[botrr] 1008/1224 botrr:setup_sweep:setup_sweep_v2 b29: W/L/D 91/105/4 to 0 in 9.0s; elapsed 10.7 min, eta 2.3 min
[botrr] 1009/1224 botrr:random:heuristic b30: W/L/D 1/199/0 to 0 in 10.4s; elapsed 10.7 min, eta 2.3 min
[botrr] 1010/1224 botrr:random:heuristic2 b30: W/L/D 6/194/0 to 0 in 10.9s; elapsed 10.8 min, eta 2.3 min
[botrr] 1011/1224 botrr:random:setup_sweep_v2 b30: W/L/D 2/198/0 to 0 in 9.2s; elapsed 10.8 min, eta 2.3 min
[botrr] 1012/1224 botrr:random:aggressive_v2 b30: W/L/D 4/196/0 to 0 in 9.5s; elapsed 10.8 min, eta 2.3 min
[botrr] 1013/1224 botrr:random:aggressive b30: W/L/D 5/194/1 to 0 in 9.9s; elapsed 10.8 min, eta 2.2 min
[botrr] 1014/1224 botrr:random:setup_sweep b30: W/L/D 3/197/0 to 0 in 9.8s; elapsed 10.8 min, eta 2.2 min
[botrr] 1015/1224 botrr:random:staller_v2 b30: W/L/D 12/187/1 to 0 in 10.9s; elapsed 10.8 min, eta 2.2 min
[botrr] 1016/1224 botrr:random:staller b30: W/L/D 6/193/1 to 0 in 11.1s; elapsed 10.8 min, eta 2.2 min
[botrr] 1017/1224 botrr:heuristic:staller b30: W/L/D 92/93/15 to 0 in 9.5s; elapsed 10.8 min, eta 2.2 min
[botrr] 1018/1224 botrr:heuristic:heuristic2 b30: W/L/D 86/112/2 to 0 in 10.9s; elapsed 10.8 min, eta 2.2 min
[botrr] 1019/1224 botrr:heuristic:aggressive b30: W/L/D 108/84/8 to 0 in 8.3s; elapsed 10.8 min, eta 2.2 min
[botrr] 1020/1224 botrr:heuristic:staller_v2 b30: W/L/D 112/81/7 to 1 in 11.6s; elapsed 10.9 min, eta 2.2 min
[botrr] 1021/1224 botrr:heuristic:aggressive_v2 b30: W/L/D 90/105/5 to 0 in 10.4s; elapsed 10.9 min, eta 2.2 min
[botrr] 1022/1224 botrr:heuristic:setup_sweep b30: W/L/D 81/111/8 to 0 in 10.0s; elapsed 10.9 min, eta 2.2 min
[botrr] 1023/1224 botrr:heuristic:setup_sweep_v2 b30: W/L/D 84/107/9 to 0 in 9.6s; elapsed 11.0 min, eta 2.2 min
[botrr] 1024/1224 botrr:heuristic2:aggressive b30: W/L/D 128/68/4 to 0 in 9.1s; elapsed 11.0 min, eta 2.1 min
[botrr] 1025/1224 botrr:heuristic2:aggressive_v2 b30: W/L/D 107/90/3 to 0 in 9.2s; elapsed 11.0 min, eta 2.1 min
[botrr] 1026/1224 botrr:heuristic2:setup_sweep b30: W/L/D 103/92/5 to 0 in 10.6s; elapsed 11.0 min, eta 2.1 min
[botrr] 1027/1224 botrr:staller:aggressive b30: W/L/D 111/78/11 to 1 in 9.2s; elapsed 11.0 min, eta 2.1 min
[botrr] 1028/1224 botrr:heuristic2:staller b30: W/L/D 123/72/5 to 0 in 11.2s; elapsed 11.0 min, eta 2.1 min
[botrr] 1029/1224 botrr:heuristic2:staller_v2 b30: W/L/D 133/65/2 to 2 in 11.4s; elapsed 11.0 min, eta 2.1 min
[botrr] 1030/1224 botrr:heuristic2:setup_sweep_v2 b30: W/L/D 92/104/4 to 0 in 9.9s; elapsed 11.0 min, eta 2.1 min
[botrr] 1031/1224 botrr:staller:staller_v2 b30: W/L/D 92/102/6 to 0 in 10.5s; elapsed 11.0 min, eta 2.1 min
[botrr] 1032/1224 botrr:staller:aggressive_v2 b30: W/L/D 80/111/9 to 0 in 9.1s; elapsed 11.0 min, eta 2.0 min
[botrr] 1033/1224 botrr:staller:setup_sweep b30: W/L/D 65/123/12 to 1 in 9.3s; elapsed 11.0 min, eta 2.0 min
[botrr] 1034/1224 botrr:staller:setup_sweep_v2 b30: W/L/D 67/131/2 to 0 in 8.8s; elapsed 11.1 min, eta 2.0 min
[botrr] 1035/1224 botrr:aggressive:setup_sweep b30: W/L/D 68/119/13 to 0 in 8.0s; elapsed 11.1 min, eta 2.0 min
[botrr] 1036/1224 botrr:aggressive:aggressive_v2 b30: W/L/D 62/129/9 to 0 in 8.6s; elapsed 11.1 min, eta 2.0 min
[botrr] 1037/1224 botrr:staller_v2:aggressive_v2 b30: W/L/D 78/116/6 to 1 in 10.3s; elapsed 11.1 min, eta 2.0 min
[botrr] 1038/1224 botrr:staller_v2:aggressive b30: W/L/D 111/84/5 to 0 in 10.6s; elapsed 11.1 min, eta 2.0 min
[botrr] 1039/1224 botrr:aggressive:setup_sweep_v2 b30: W/L/D 68/127/5 to 0 in 8.7s; elapsed 11.1 min, eta 2.0 min
[botrr] 1040/1224 botrr:staller_v2:setup_sweep b30: W/L/D 76/124/0 to 0 in 10.8s; elapsed 11.1 min, eta 2.0 min
[botrr] 1041/1224 botrr:aggressive_v2:setup_sweep b30: W/L/D 102/94/4 to 0 in 9.2s; elapsed 11.1 min, eta 2.0 min
[botrr] 1042/1224 botrr:staller_v2:setup_sweep_v2 b30: W/L/D 75/123/2 to 0 in 10.4s; elapsed 11.2 min, eta 1.9 min
[botrr] 1043/1224 botrr:setup_sweep:setup_sweep_v2 b30: W/L/D 79/111/10 to 0 in 9.2s; elapsed 11.2 min, eta 1.9 min
[botrr] 1044/1224 botrr:aggressive_v2:setup_sweep_v2 b30: W/L/D 100/95/5 to 0 in 10.9s; elapsed 11.2 min, eta 1.9 min
[botrr] 1045/1224 botrr:random:heuristic b31: W/L/D 10/190/0 to 0 in 11.4s; elapsed 11.2 min, eta 1.9 min
[botrr] 1046/1224 botrr:random:heuristic2 b31: W/L/D 3/197/0 to 0 in 10.2s; elapsed 11.2 min, eta 1.9 min
[botrr] 1047/1224 botrr:random:setup_sweep_v2 b31: W/L/D 6/194/0 to 0 in 9.1s; elapsed 11.3 min, eta 1.9 min
[botrr] 1048/1224 botrr:random:setup_sweep b31: W/L/D 2/196/2 to 1 in 9.7s; elapsed 11.3 min, eta 1.9 min
[botrr] 1049/1224 botrr:random:aggressive b31: W/L/D 8/191/1 to 0 in 10.3s; elapsed 11.3 min, eta 1.9 min
[botrr] 1050/1224 botrr:random:staller_v2 b31: W/L/D 13/186/1 to 1 in 10.6s; elapsed 11.3 min, eta 1.9 min
[botrr] 1051/1224 botrr:heuristic:staller b31: W/L/D 111/78/11 to 0 in 9.0s; elapsed 11.3 min, eta 1.9 min
[botrr] 1052/1224 botrr:random:staller b31: W/L/D 11/188/1 to 0 in 11.5s; elapsed 11.3 min, eta 1.8 min
[botrr] 1053/1224 botrr:random:aggressive_v2 b31: W/L/D 5/192/3 to 1 in 11.4s; elapsed 11.3 min, eta 1.8 min
[botrr] 1054/1224 botrr:heuristic:heuristic2 b31: W/L/D 76/121/3 to 0 in 11.2s; elapsed 11.3 min, eta 1.8 min
[botrr] 1055/1224 botrr:heuristic:aggressive b31: W/L/D 106/80/14 to 0 in 9.7s; elapsed 11.3 min, eta 1.8 min
[botrr] 1056/1224 botrr:heuristic:staller_v2 b31: W/L/D 130/67/3 to 0 in 10.5s; elapsed 11.3 min, eta 1.8 min
[botrr] 1057/1224 botrr:heuristic:aggressive_v2 b31: W/L/D 86/110/4 to 0 in 9.2s; elapsed 11.4 min, eta 1.8 min
[botrr] 1058/1224 botrr:heuristic:setup_sweep b31: W/L/D 89/101/10 to 0 in 9.5s; elapsed 11.4 min, eta 1.8 min
[botrr] 1059/1224 botrr:heuristic:setup_sweep_v2 b31: W/L/D 83/109/8 to 0 in 10.0s; elapsed 11.5 min, eta 1.8 min
[botrr] 1060/1224 botrr:heuristic2:aggressive b31: W/L/D 131/64/5 to 0 in 10.1s; elapsed 11.5 min, eta 1.8 min
[botrr] 1061/1224 botrr:heuristic2:setup_sweep_v2 b31: W/L/D 105/92/3 to 0 in 9.3s; elapsed 11.5 min, eta 1.8 min
[botrr] 1062/1224 botrr:heuristic2:staller b31: W/L/D 125/75/0 to 0 in 11.1s; elapsed 11.5 min, eta 1.8 min
[botrr] 1063/1224 botrr:heuristic2:aggressive_v2 b31: W/L/D 89/105/6 to 0 in 10.7s; elapsed 11.5 min, eta 1.7 min
[botrr] 1064/1224 botrr:staller:aggressive b31: W/L/D 100/88/12 to 0 in 9.0s; elapsed 11.5 min, eta 1.7 min
[botrr] 1065/1224 botrr:heuristic2:setup_sweep b31: W/L/D 107/88/5 to 0 in 10.9s; elapsed 11.5 min, eta 1.7 min
[botrr] 1066/1224 botrr:staller:staller_v2 b31: W/L/D 95/102/3 to 2 in 9.9s; elapsed 11.5 min, eta 1.7 min
[botrr] 1067/1224 botrr:heuristic2:staller_v2 b31: W/L/D 128/69/3 to 1 in 11.8s; elapsed 11.5 min, eta 1.7 min
[botrr] 1068/1224 botrr:staller:aggressive_v2 b31: W/L/D 69/121/10 to 0 in 10.4s; elapsed 11.5 min, eta 1.7 min
[botrr] 1069/1224 botrr:staller:setup_sweep b31: W/L/D 76/109/15 to 0 in 9.2s; elapsed 11.5 min, eta 1.7 min
[botrr] 1070/1224 botrr:staller:setup_sweep_v2 b31: W/L/D 70/121/9 to 2 in 9.5s; elapsed 11.6 min, eta 1.7 min
[botrr] 1071/1224 botrr:aggressive:setup_sweep_v2 b31: W/L/D 71/119/10 to 0 in 8.3s; elapsed 11.6 min, eta 1.7 min
[botrr] 1072/1224 botrr:staller_v2:aggressive b31: W/L/D 102/93/5 to 0 in 10.6s; elapsed 11.6 min, eta 1.7 min
[botrr] 1073/1224 botrr:aggressive:aggressive_v2 b31: W/L/D 64/127/9 to 0 in 9.3s; elapsed 11.6 min, eta 1.6 min
[botrr] 1074/1224 botrr:aggressive:setup_sweep b31: W/L/D 67/124/9 to 0 in 9.3s; elapsed 11.6 min, eta 1.6 min
[botrr] 1075/1224 botrr:staller_v2:setup_sweep b31: W/L/D 76/116/8 to 0 in 10.4s; elapsed 11.7 min, eta 1.6 min
[botrr] 1076/1224 botrr:staller_v2:setup_sweep_v2 b31: W/L/D 64/134/2 to 0 in 10.4s; elapsed 11.7 min, eta 1.6 min
[botrr] 1077/1224 botrr:staller_v2:aggressive_v2 b31: W/L/D 66/128/6 to 1 in 11.1s; elapsed 11.7 min, eta 1.6 min
[botrr] 1078/1224 botrr:aggressive_v2:setup_sweep b31: W/L/D 96/98/6 to 0 in 10.0s; elapsed 11.7 min, eta 1.6 min
[botrr] 1079/1224 botrr:setup_sweep:setup_sweep_v2 b31: W/L/D 90/100/10 to 0 in 9.4s; elapsed 11.7 min, eta 1.6 min
[botrr] 1080/1224 botrr:aggressive_v2:setup_sweep_v2 b31: W/L/D 98/99/3 to 0 in 11.1s; elapsed 11.7 min, eta 1.6 min
[botrr] 1081/1224 botrr:random:heuristic b32: W/L/D 2/198/0 to 0 in 11.5s; elapsed 11.7 min, eta 1.6 min
[botrr] 1082/1224 botrr:random:heuristic2 b32: W/L/D 4/196/0 to 0 in 11.0s; elapsed 11.7 min, eta 1.5 min
[botrr] 1083/1224 botrr:random:aggressive b32: W/L/D 4/196/0 to 0 in 9.0s; elapsed 11.8 min, eta 1.5 min
[botrr] 1084/1224 botrr:random:aggressive_v2 b32: W/L/D 3/197/0 to 0 in 9.0s; elapsed 11.8 min, eta 1.5 min
[botrr] 1085/1224 botrr:random:setup_sweep b32: W/L/D 3/195/2 to 0 in 9.2s; elapsed 11.8 min, eta 1.5 min
[botrr] 1086/1224 botrr:random:setup_sweep_v2 b32: W/L/D 2/198/0 to 0 in 9.4s; elapsed 11.8 min, eta 1.5 min
[botrr] 1087/1224 botrr:heuristic:heuristic2 b32: W/L/D 90/107/3 to 0 in 9.7s; elapsed 11.8 min, eta 1.5 min
[botrr] 1088/1224 botrr:random:staller b32: W/L/D 10/189/1 to 1 in 11.8s; elapsed 11.8 min, eta 1.5 min
[botrr] 1089/1224 botrr:heuristic:staller b32: W/L/D 108/85/7 to 0 in 10.2s; elapsed 11.8 min, eta 1.5 min
[botrr] 1090/1224 botrr:heuristic:aggressive b32: W/L/D 115/77/8 to 0 in 9.2s; elapsed 11.8 min, eta 1.5 min
[botrr] 1091/1224 botrr:heuristic:staller_v2 b32: W/L/D 122/77/1 to 0 in 10.0s; elapsed 11.8 min, eta 1.4 min
[botrr] 1092/1224 botrr:random:staller_v2 b32: W/L/D 12/186/2 to 2 in 12.3s; elapsed 11.8 min, eta 1.4 min
[botrr] 1093/1224 botrr:heuristic:setup_sweep b32: W/L/D 101/91/8 to 0 in 8.8s; elapsed 11.9 min, eta 1.4 min
[botrr] 1094/1224 botrr:heuristic:aggressive_v2 b32: W/L/D 71/121/8 to 0 in 9.5s; elapsed 11.9 min, eta 1.4 min
[botrr] 1095/1224 botrr:heuristic:setup_sweep_v2 b32: W/L/D 80/114/6 to 0 in 10.2s; elapsed 12.0 min, eta 1.4 min
[botrr] 1096/1224 botrr:heuristic2:aggressive b32: W/L/D 134/57/9 to 0 in 10.1s; elapsed 12.0 min, eta 1.4 min
[botrr] 1097/1224 botrr:heuristic2:setup_sweep_v2 b32: W/L/D 102/94/4 to 0 in 9.3s; elapsed 12.0 min, eta 1.4 min
[botrr] 1098/1224 botrr:staller:aggressive_v2 b32: W/L/D 72/119/9 to 0 in 8.9s; elapsed 12.0 min, eta 1.4 min
[botrr] 1099/1224 botrr:heuristic2:aggressive_v2 b32: W/L/D 103/92/5 to 0 in 10.6s; elapsed 12.0 min, eta 1.4 min
[botrr] 1100/1224 botrr:heuristic2:staller b32: W/L/D 118/76/6 to 0 in 12.2s; elapsed 12.0 min, eta 1.4 min
[botrr] 1101/1224 botrr:staller:aggressive b32: W/L/D 107/79/14 to 0 in 10.1s; elapsed 12.0 min, eta 1.3 min
[botrr] 1102/1224 botrr:heuristic2:setup_sweep b32: W/L/D 103/88/9 to 0 in 10.7s; elapsed 12.0 min, eta 1.3 min
[botrr] 1103/1224 botrr:heuristic2:staller_v2 b32: W/L/D 129/68/3 to 1 in 11.9s; elapsed 12.0 min, eta 1.3 min
[botrr] 1104/1224 botrr:staller:staller_v2 b32: W/L/D 94/99/7 to 0 in 11.4s; elapsed 12.0 min, eta 1.3 min
[botrr] 1105/1224 botrr:staller:setup_sweep_v2 b32: W/L/D 71/124/5 to 0 in 10.2s; elapsed 12.1 min, eta 1.3 min
[botrr] 1106/1224 botrr:staller:setup_sweep b32: W/L/D 71/115/14 to 0 in 11.7s; elapsed 12.1 min, eta 1.3 min
[botrr] 1107/1224 botrr:staller_v2:aggressive b32: W/L/D 108/90/2 to 0 in 9.9s; elapsed 12.1 min, eta 1.3 min
[botrr] 1108/1224 botrr:aggressive:setup_sweep b32: W/L/D 80/107/13 to 0 in 8.0s; elapsed 12.1 min, eta 1.3 min
[botrr] 1109/1224 botrr:aggressive:aggressive_v2 b32: W/L/D 76/120/4 to 0 in 8.4s; elapsed 12.1 min, eta 1.3 min
[botrr] 1110/1224 botrr:staller_v2:aggressive_v2 b32: W/L/D 76/123/1 to 0 in 10.7s; elapsed 12.2 min, eta 1.2 min
[botrr] 1111/1224 botrr:aggressive_v2:setup_sweep b32: W/L/D 100/98/2 to 0 in 9.1s; elapsed 12.2 min, eta 1.2 min
[botrr] 1112/1224 botrr:staller_v2:setup_sweep b32: W/L/D 79/118/3 to 0 in 10.6s; elapsed 12.2 min, eta 1.2 min
[botrr] 1113/1224 botrr:setup_sweep:setup_sweep_v2 b32: W/L/D 92/102/6 to 0 in 8.3s; elapsed 12.2 min, eta 1.2 min
[botrr] 1114/1224 botrr:staller_v2:setup_sweep_v2 b32: W/L/D 71/120/9 to 1 in 10.9s; elapsed 12.2 min, eta 1.2 min
[botrr] 1115/1224 botrr:aggressive:setup_sweep_v2 b32: W/L/D 62/132/6 to 0 in 10.0s; elapsed 12.2 min, eta 1.2 min
[botrr] 1116/1224 botrr:aggressive_v2:setup_sweep_v2 b32: W/L/D 95/100/5 to 0 in 10.9s; elapsed 12.2 min, eta 1.2 min
[botrr] 1117/1224 botrr:random:heuristic b33: W/L/D 6/194/0 to 0 in 10.0s; elapsed 12.2 min, eta 1.2 min
[botrr] 1118/1224 botrr:random:heuristic2 b33: W/L/D 3/196/1 to 0 in 9.1s; elapsed 12.2 min, eta 1.2 min
[botrr] 1119/1224 botrr:random:aggressive b33: W/L/D 7/192/1 to 0 in 10.4s; elapsed 12.3 min, eta 1.2 min
[botrr] 1120/1224 botrr:random:setup_sweep_v2 b33: W/L/D 2/198/0 to 0 in 9.0s; elapsed 12.3 min, eta 1.1 min
[botrr] 1121/1224 botrr:random:staller_v2 b33: W/L/D 11/188/1 to 0 in 11.3s; elapsed 12.3 min, eta 1.1 min
[botrr] 1122/1224 botrr:random:staller b33: W/L/D 5/194/1 to 1 in 11.9s; elapsed 12.3 min, eta 1.1 min
[botrr] 1123/1224 botrr:heuristic:aggressive b33: W/L/D 115/79/6 to 0 in 8.7s; elapsed 12.3 min, eta 1.1 min
[botrr] 1124/1224 botrr:heuristic:staller_v2 b33: W/L/D 119/76/5 to 0 in 9.7s; elapsed 12.3 min, eta 1.1 min
[botrr] 1125/1224 botrr:heuristic:staller b33: W/L/D 105/88/7 to 0 in 9.8s; elapsed 12.3 min, eta 1.1 min
[botrr] 1126/1224 botrr:random:aggressive_v2 b33: W/L/D 5/195/0 to 0 in 10.7s; elapsed 12.3 min, eta 1.1 min
[botrr] 1127/1224 botrr:heuristic:heuristic2 b33: W/L/D 82/113/5 to 0 in 10.6s; elapsed 12.4 min, eta 1.1 min
[botrr] 1128/1224 botrr:random:setup_sweep b33: W/L/D 1/198/1 to 0 in 11.2s; elapsed 12.4 min, eta 1.1 min
[botrr] 1129/1224 botrr:heuristic:setup_sweep b33: W/L/D 96/100/4 to 0 in 9.4s; elapsed 12.4 min, eta 1.0 min
[botrr] 1130/1224 botrr:heuristic:aggressive_v2 b33: W/L/D 86/110/4 to 0 in 10.5s; elapsed 12.4 min, eta 1.0 min
[botrr] 1131/1224 botrr:heuristic:setup_sweep_v2 b33: W/L/D 90/106/4 to 0 in 9.3s; elapsed 12.5 min, eta 1.0 min
[botrr] 1132/1224 botrr:heuristic2:aggressive b33: W/L/D 122/75/3 to 0 in 9.1s; elapsed 12.5 min, eta 1.0 min
[botrr] 1133/1224 botrr:heuristic2:staller_v2 b33: W/L/D 136/63/1 to 0 in 10.5s; elapsed 12.5 min, eta 1.0 min
[botrr] 1134/1224 botrr:staller:staller_v2 b33: W/L/D 96/98/6 to 0 in 9.7s; elapsed 12.5 min, eta 1.0 min
[botrr] 1135/1224 botrr:heuristic2:setup_sweep b33: W/L/D 99/98/3 to 0 in 10.2s; elapsed 12.5 min, eta 1.0 min
[botrr] 1136/1224 botrr:heuristic2:setup_sweep_v2 b33: W/L/D 93/102/5 to 0 in 10.1s; elapsed 12.5 min, eta 1.0 min
[botrr] 1137/1224 botrr:heuristic2:staller b33: W/L/D 124/73/3 to 0 in 11.5s; elapsed 12.5 min, eta 1.0 min
[botrr] 1138/1224 botrr:staller:aggressive_v2 b33: W/L/D 68/124/8 to 0 in 9.7s; elapsed 12.5 min, eta 0.9 min
[botrr] 1139/1224 botrr:staller:aggressive b33: W/L/D 102/81/17 to 0 in 9.9s; elapsed 12.5 min, eta 0.9 min
[botrr] 1140/1224 botrr:heuristic2:aggressive_v2 b33: W/L/D 103/96/1 to 0 in 10.7s; elapsed 12.5 min, eta 0.9 min
[botrr] 1141/1224 botrr:staller:setup_sweep b33: W/L/D 77/112/11 to 1 in 11.2s; elapsed 12.6 min, eta 0.9 min
[botrr] 1142/1224 botrr:staller:setup_sweep_v2 b33: W/L/D 70/123/7 to 0 in 10.3s; elapsed 12.6 min, eta 0.9 min
[botrr] 1143/1224 botrr:staller_v2:aggressive b33: W/L/D 111/82/7 to 0 in 10.3s; elapsed 12.6 min, eta 0.9 min
[botrr] 1144/1224 botrr:aggressive:setup_sweep_v2 b33: W/L/D 54/141/5 to 0 in 8.2s; elapsed 12.7 min, eta 0.9 min
[botrr] 1145/1224 botrr:staller_v2:aggressive_v2 b33: W/L/D 79/119/2 to 0 in 10.6s; elapsed 12.7 min, eta 0.9 min
[botrr] 1146/1224 botrr:aggressive:setup_sweep b33: W/L/D 70/123/7 to 0 in 9.7s; elapsed 12.7 min, eta 0.9 min
[botrr] 1147/1224 botrr:aggressive:aggressive_v2 b33: W/L/D 65/131/4 to 0 in 9.8s; elapsed 12.7 min, eta 0.9 min
[botrr] 1148/1224 botrr:setup_sweep:setup_sweep_v2 b33: W/L/D 92/103/5 to 0 in 9.6s; elapsed 12.7 min, eta 0.8 min
[botrr] 1149/1224 botrr:aggressive_v2:setup_sweep b33: W/L/D 104/84/12 to 0 in 10.0s; elapsed 12.7 min, eta 0.8 min
[botrr] 1150/1224 botrr:staller_v2:setup_sweep b33: W/L/D 78/119/3 to 0 in 10.8s; elapsed 12.7 min, eta 0.8 min
[botrr] 1151/1224 botrr:staller_v2:setup_sweep_v2 b33: W/L/D 64/136/0 to 0 in 11.0s; elapsed 12.7 min, eta 0.8 min
[botrr] 1152/1224 botrr:aggressive_v2:setup_sweep_v2 b33: W/L/D 100/92/8 to 0 in 11.0s; elapsed 12.7 min, eta 0.8 min
[botrr] 1153/1224 botrr:random:heuristic2 b34: W/L/D 0/200/0 to 0 in 9.6s; elapsed 12.7 min, eta 0.8 min
[botrr] 1154/1224 botrr:random:heuristic b34: W/L/D 1/199/0 to 0 in 10.7s; elapsed 12.8 min, eta 0.8 min
[botrr] 1155/1224 botrr:random:setup_sweep b34: W/L/D 5/195/0 to 0 in 8.7s; elapsed 12.8 min, eta 0.8 min
[botrr] 1156/1224 botrr:random:aggressive_v2 b34: W/L/D 7/192/1 to 0 in 9.6s; elapsed 12.8 min, eta 0.8 min
[botrr] 1157/1224 botrr:random:aggressive b34: W/L/D 1/198/1 to 0 in 10.4s; elapsed 12.8 min, eta 0.7 min
[botrr] 1158/1224 botrr:heuristic:heuristic2 b34: W/L/D 81/114/5 to 0 in 9.5s; elapsed 12.8 min, eta 0.7 min
[botrr] 1159/1224 botrr:heuristic:staller b34: W/L/D 111/78/11 to 0 in 9.4s; elapsed 12.8 min, eta 0.7 min
[botrr] 1160/1224 botrr:random:staller b34: W/L/D 4/195/1 to 0 in 12.1s; elapsed 12.8 min, eta 0.7 min
[botrr] 1161/1224 botrr:random:setup_sweep_v2 b34: W/L/D 5/194/1 to 0 in 10.3s; elapsed 12.9 min, eta 0.7 min
[botrr] 1162/1224 botrr:heuristic:aggressive b34: W/L/D 111/80/9 to 0 in 9.4s; elapsed 12.9 min, eta 0.7 min
[botrr] 1163/1224 botrr:random:staller_v2 b34: W/L/D 18/180/2 to 1 in 12.5s; elapsed 12.9 min, eta 0.7 min
[botrr] 1164/1224 botrr:heuristic:staller_v2 b34: W/L/D 134/62/4 to 1 in 11.1s; elapsed 12.9 min, eta 0.7 min
[botrr] 1165/1224 botrr:heuristic:aggressive_v2 b34: W/L/D 76/116/8 to 0 in 9.4s; elapsed 12.9 min, eta 0.7 min
[botrr] 1166/1224 botrr:heuristic:setup_sweep b34: W/L/D 91/100/9 to 0 in 8.8s; elapsed 12.9 min, eta 0.6 min
[botrr] 1167/1224 botrr:heuristic:setup_sweep_v2 b34: W/L/D 79/112/9 to 0 in 9.6s; elapsed 13.0 min, eta 0.6 min
[botrr] 1168/1224 botrr:heuristic2:setup_sweep b34: W/L/D 102/92/6 to 0 in 9.1s; elapsed 13.0 min, eta 0.6 min
[botrr] 1169/1224 botrr:heuristic2:aggressive b34: W/L/D 123/74/3 to 0 in 10.6s; elapsed 13.0 min, eta 0.6 min
[botrr] 1170/1224 botrr:heuristic2:aggressive_v2 b34: W/L/D 98/99/3 to 0 in 11.2s; elapsed 13.0 min, eta 0.6 min
[botrr] 1171/1224 botrr:staller:aggressive b34: W/L/D 96/89/15 to 0 in 10.3s; elapsed 13.0 min, eta 0.6 min
[botrr] 1172/1224 botrr:staller:aggressive_v2 b34: W/L/D 62/132/6 to 1 in 10.0s; elapsed 13.0 min, eta 0.6 min
[botrr] 1173/1224 botrr:heuristic2:staller_v2 b34: W/L/D 128/70/2 to 0 in 12.5s; elapsed 13.0 min, eta 0.6 min
[botrr] 1174/1224 botrr:heuristic2:setup_sweep_v2 b34: W/L/D 102/94/4 to 0 in 11.5s; elapsed 13.1 min, eta 0.6 min
[botrr] 1175/1224 botrr:heuristic2:staller b34: W/L/D 112/80/8 to 0 in 12.7s; elapsed 13.1 min, eta 0.5 min
[botrr] 1176/1224 botrr:staller:staller_v2 b34: W/L/D 103/86/11 to 5 in 13.0s; elapsed 13.1 min, eta 0.5 min
[botrr] 1177/1224 botrr:staller:setup_sweep b34: W/L/D 86/106/8 to 1 in 10.8s; elapsed 13.1 min, eta 0.5 min
[botrr] 1178/1224 botrr:staller:setup_sweep_v2 b34: W/L/D 73/117/10 to 0 in 10.6s; elapsed 13.1 min, eta 0.5 min
[botrr] 1179/1224 botrr:staller_v2:aggressive b34: W/L/D 93/106/1 to 0 in 10.7s; elapsed 13.2 min, eta 0.5 min
[botrr] 1180/1224 botrr:aggressive:aggressive_v2 b34: W/L/D 54/135/11 to 0 in 8.2s; elapsed 13.2 min, eta 0.5 min
[botrr] 1181/1224 botrr:staller_v2:aggressive_v2 b34: W/L/D 75/122/3 to 0 in 11.1s; elapsed 13.2 min, eta 0.5 min
[botrr] 1182/1224 botrr:staller_v2:setup_sweep_v2 b34: W/L/D 69/130/1 to 0 in 9.7s; elapsed 13.2 min, eta 0.5 min
[botrr] 1183/1224 botrr:aggressive_v2:setup_sweep b34: W/L/D 110/84/6 to 0 in 8.6s; elapsed 13.2 min, eta 0.5 min
[botrr] 1184/1224 botrr:aggressive:setup_sweep_v2 b34: W/L/D 61/127/12 to 0 in 8.8s; elapsed 13.2 min, eta 0.4 min
[botrr] 1185/1224 botrr:staller_v2:setup_sweep b34: W/L/D 55/143/2 to 0 in 11.0s; elapsed 13.2 min, eta 0.4 min
[botrr] 1186/1224 botrr:aggressive_v2:setup_sweep_v2 b34: W/L/D 97/99/4 to 0 in 9.0s; elapsed 13.2 min, eta 0.4 min
[botrr] 1187/1224 botrr:setup_sweep:setup_sweep_v2 b34: W/L/D 97/98/5 to 0 in 8.7s; elapsed 13.2 min, eta 0.4 min
[botrr] 1188/1224 botrr:aggressive:setup_sweep b34: W/L/D 75/113/12 to 0 in 10.7s; elapsed 13.2 min, eta 0.4 min
[botrr] 1189/1224 botrr:random:heuristic b35: W/L/D 2/198/0 to 0 in 10.5s; elapsed 13.3 min, eta 0.4 min
[botrr] 1190/1224 botrr:random:heuristic2 b35: W/L/D 6/194/0 to 0 in 11.2s; elapsed 13.3 min, eta 0.4 min
[botrr] 1191/1224 botrr:random:staller b35: W/L/D 7/190/3 to 1 in 10.1s; elapsed 13.3 min, eta 0.4 min
[botrr] 1192/1224 botrr:random:aggressive b35: W/L/D 5/192/3 to 1 in 9.3s; elapsed 13.3 min, eta 0.4 min
[botrr] 1193/1224 botrr:random:staller_v2 b35: W/L/D 12/188/0 to 0 in 11.5s; elapsed 13.4 min, eta 0.3 min
[botrr] 1194/1224 botrr:random:setup_sweep b35: W/L/D 1/197/2 to 0 in 10.3s; elapsed 13.4 min, eta 0.3 min
[botrr] 1195/1224 botrr:heuristic:heuristic2 b35: W/L/D 84/112/4 to 1 in 10.2s; elapsed 13.4 min, eta 0.3 min
[botrr] 1196/1224 botrr:heuristic:aggressive b35: W/L/D 107/81/12 to 0 in 8.9s; elapsed 13.4 min, eta 0.3 min
[botrr] 1197/1224 botrr:random:setup_sweep_v2 b35: W/L/D 4/196/0 to 0 in 10.9s; elapsed 13.4 min, eta 0.3 min
[botrr] 1198/1224 botrr:random:aggressive_v2 b35: W/L/D 4/196/0 to 0 in 11.6s; elapsed 13.4 min, eta 0.3 min
[botrr] 1199/1224 botrr:heuristic:staller b35: W/L/D 109/79/12 to 0 in 11.1s; elapsed 13.4 min, eta 0.3 min
[botrr] 1200/1224 botrr:heuristic:aggressive_v2 b35: W/L/D 80/113/7 to 0 in 9.3s; elapsed 13.4 min, eta 0.3 min
[botrr] 1201/1224 botrr:heuristic:staller_v2 b35: W/L/D 115/81/4 to 0 in 12.4s; elapsed 13.4 min, eta 0.3 min
[botrr] 1202/1224 botrr:heuristic:setup_sweep b35: W/L/D 97/92/11 to 0 in 9.3s; elapsed 13.4 min, eta 0.2 min
[botrr] 1203/1224 botrr:heuristic:setup_sweep_v2 b35: W/L/D 78/113/9 to 0 in 10.4s; elapsed 13.5 min, eta 0.2 min
[botrr] 1204/1224 botrr:staller:aggressive b35: W/L/D 111/79/10 to 0 in 8.9s; elapsed 13.5 min, eta 0.2 min
[botrr] 1205/1224 botrr:heuristic2:staller b35: W/L/D 126/63/11 to 1 in 11.9s; elapsed 13.5 min, eta 0.2 min
[botrr] 1206/1224 botrr:heuristic2:staller_v2 b35: W/L/D 133/65/2 to 1 in 10.7s; elapsed 13.5 min, eta 0.2 min
[botrr] 1207/1224 botrr:heuristic2:aggressive b35: W/L/D 137/58/5 to 0 in 10.6s; elapsed 13.5 min, eta 0.2 min
[botrr] 1208/1224 botrr:heuristic2:setup_sweep_v2 b35: W/L/D 102/93/5 to 2 in 10.5s; elapsed 13.6 min, eta 0.2 min
[botrr] 1209/1224 botrr:heuristic2:aggressive_v2 b35: W/L/D 98/94/8 to 1 in 10.9s; elapsed 13.6 min, eta 0.2 min
[botrr] 1210/1224 botrr:staller:staller_v2 b35: W/L/D 100/91/9 to 2 in 10.4s; elapsed 13.6 min, eta 0.2 min
[botrr] 1211/1224 botrr:heuristic2:setup_sweep b35: W/L/D 110/85/5 to 0 in 11.5s; elapsed 13.6 min, eta 0.1 min
[botrr] 1212/1224 botrr:staller:setup_sweep b35: W/L/D 80/106/14 to 0 in 9.1s; elapsed 13.6 min, eta 0.1 min
[botrr] 1213/1224 botrr:staller:aggressive_v2 b35: W/L/D 61/132/7 to 1 in 10.4s; elapsed 13.6 min, eta 0.1 min
[botrr] 1214/1224 botrr:staller:setup_sweep_v2 b35: W/L/D 67/123/10 to 1 in 10.1s; elapsed 13.6 min, eta 0.1 min
[botrr] 1215/1224 botrr:staller_v2:aggressive b35: W/L/D 105/90/5 to 0 in 8.5s; elapsed 13.7 min, eta 0.1 min
[botrr] 1216/1224 botrr:aggressive:aggressive_v2 b35: W/L/D 64/131/5 to 0 in 7.6s; elapsed 13.7 min, eta 0.1 min
[botrr] 1217/1224 botrr:aggressive:setup_sweep_v2 b35: W/L/D 72/120/8 to 0 in 7.6s; elapsed 13.7 min, eta 0.1 min
[botrr] 1218/1224 botrr:aggressive_v2:setup_sweep_v2 b35: W/L/D 102/94/4 to 0 in 7.6s; elapsed 13.7 min, eta 0.1 min
[botrr] 1219/1224 botrr:staller_v2:setup_sweep_v2 b35: W/L/D 72/125/3 to 0 in 9.6s; elapsed 13.7 min, eta 0.1 min
[botrr] 1220/1224 botrr:staller_v2:aggressive_v2 b35: W/L/D 66/130/4 to 2 in 9.6s; elapsed 13.7 min, eta 0.0 min
[botrr] 1221/1224 botrr:aggressive:setup_sweep b35: W/L/D 78/108/14 to 0 in 8.8s; elapsed 13.7 min, eta 0.0 min
[botrr] 1222/1224 botrr:aggressive_v2:setup_sweep b35: W/L/D 106/86/8 to 0 in 9.4s; elapsed 13.7 min, eta 0.0 min
[botrr] 1223/1224 botrr:staller_v2:setup_sweep b35: W/L/D 85/109/6 to 2 in 10.7s; elapsed 13.7 min, eta 0.0 min
[botrr] 1224/1224 botrr:setup_sweep:setup_sweep_v2 b35: W/L/D 101/93/6 to 0 in 8.9s; elapsed 13.7 min, eta 0.0 min
[mem_cap] done: gen3ai-capped-python3-87970.scope exit 0 · peak 8.81 GB of cap 24.00 GB (37%) · not OOM-killed
EXIT 0
